2026-03-16T10:12:24.068-03:00  INFO 14476 --- [somnitide] [main] dev.somnitide.SomnitideApplication       : Starting SomnitideApplication using Java 17.0.18 with PID 14476 (C:\Users\myPC\Desktop\dev\personal\somnitide\backend\target\classes started by us in C:\Users\myPC\Desktop\dev\personal\somnitide\backend)
2026-03-16T10:12:24.074-03:00 DEBUG 14476 --- [somnitide] [main] dev.somnitide.SomnitideApplication       : Running with Spring Boot v3.3.5, Spring v6.1.14
2026-03-16T10:12:24.076-03:00  INFO 14476 --- [somnitide] [main] dev.somnitide.SomnitideApplication       : No active profile set, falling back to 1 default profile: "default"
2026-03-16T10:12:25.278-03:00  INFO 14476 --- [somnitide] [main] .s.d.r.c.RepositoryConfigurationDelegate : Bootstrapping Spring Data JPA repositories in DEFAULT mode.
2026-03-16T10:12:25.354-03:00  INFO 14476 --- [somnitide] [main] .s.d.r.c.RepositoryConfigurationDelegate : Finished Spring Data repository scanning in 69 ms. Found 3 JPA repository interfaces.
2026-03-16T10:12:26.077-03:00  INFO 14476 --- [somnitide] [main] o.s.b.w.embedded.tomcat.TomcatWebServer  : Tomcat initialized with port 80 (http)
2026-03-16T10:12:26.091-03:00  INFO 14476 --- [somnitide] [main] o.apache.catalina.core.StandardService   : Starting service [Tomcat]
2026-03-16T10:12:26.091-03:00  INFO 14476 --- [somnitide] [main] o.apache.catalina.core.StandardEngine    : Starting Servlet engine: [Apache Tomcat/10.1.31]
2026-03-16T10:12:26.154-03:00  INFO 14476 --- [somnitide] [main] o.a.c.c.C.[Tomcat].[localhost].[/]       : Initializing Spring embedded WebApplicationContext
2026-03-16T10:12:26.154-03:00  INFO 14476 --- [somnitide] [main] w.s.c.ServletWebServerApplicationContext : Root WebApplicationContext: initialization completed in 1993 ms
2026-03-16T10:12:26.486-03:00  INFO 14476 --- [somnitide] [main] com.zaxxer.hikari.HikariDataSource       : HikariPool-1 - Starting...
2026-03-16T10:12:27.381-03:00  INFO 14476 --- [somnitide] [main] com.zaxxer.hikari.pool.HikariPool        : HikariPool-1 - Added connection org.postgresql.jdbc.PgConnection@4491eaeb
2026-03-16T10:12:27.385-03:00  INFO 14476 --- [somnitide] [main] com.zaxxer.hikari.HikariDataSource       : HikariPool-1 - Start completed.
2026-03-16T10:12:27.528-03:00  INFO 14476 --- [somnitide] [main] org.flywaydb.core.FlywayExecutor         : Database: jdbc:postgresql://aws-1-sa-east-1.pooler.supabase.com:6543/postgres (PostgreSQL 17.6)
2026-03-16T10:12:27.877-03:00  WARN 14476 --- [somnitide] [main] o.f.c.internal.database.base.Database    : Flyway upgrade recommended: PostgreSQL 17.6 is newer than this version of Flyway and support has not been tested. The latest supported version of PostgreSQL is 16.
2026-03-16T10:12:28.204-03:00  INFO 14476 --- [somnitide] [main] o.f.core.internal.command.DbValidate     : Successfully validated 6 migrations (execution time 00:00.264s)
2026-03-16T10:12:28.779-03:00  INFO 14476 --- [somnitide] [main] o.f.core.internal.command.DbMigrate      : Current version of schema "public": 5
2026-03-16T10:12:28.837-03:00  INFO 14476 --- [somnitide] [main] o.f.core.internal.command.DbMigrate      : Schema "public" is up to date. No migration necessary.
2026-03-16T10:12:29.233-03:00  INFO 14476 --- [somnitide] [main] o.hibernate.jpa.internal.util.LogHelper  : HHH000204: Processing PersistenceUnitInfo [name: default]
2026-03-16T10:12:29.382-03:00  INFO 14476 --- [somnitide] [main] org.hibernate.Version                    : HHH000412: Hibernate ORM core version 6.5.3.Final
2026-03-16T10:12:29.436-03:00  INFO 14476 --- [somnitide] [main] o.h.c.internal.RegionFactoryInitiator    : HHH000026: Second-level cache disabled
2026-03-16T10:12:29.742-03:00  INFO 14476 --- [somnitide] [main] o.s.o.j.p.SpringPersistenceUnitInfo      : No LoadTimeWeaver setup: ignoring JPA class transformer
2026-03-16T10:12:29.929-03:00  WARN 14476 --- [somnitide] [main] org.hibernate.orm.deprecation            : HHH90000025: PostgreSQLDialect does not need to be specified explicitly using 'hibernate.dialect' (remove the property setting and it will be selected by default)
2026-03-16T10:12:31.096-03:00  INFO 14476 --- [somnitide] [main] o.h.e.t.j.p.i.JtaPlatformInitiator       : HHH000489: No JTA platform available (set 'hibernate.transaction.jta.platform' to enable JTA platform integration)
2026-03-16T10:12:31.432-03:00  INFO 14476 --- [somnitide] [main] j.LocalContainerEntityManagerFactoryBean : Initialized JPA EntityManagerFactory for persistence unit 'default'
2026-03-16T10:12:31.785-03:00  INFO 14476 --- [somnitide] [main] o.s.d.j.r.query.QueryEnhancerFactory     : Hibernate is in classpath; If applicable, HQL parser will be used.
2026-03-16T10:12:32.434-03:00 DEBUG 14476 --- [somnitide] [main] swordEncoderAuthenticationManagerBuilder : No authenticationProviders and no parentAuthenticationManager defined. Returning null.
2026-03-16T10:12:32.852-03:00  INFO 14476 --- [somnitide] [main] o.s.b.a.e.web.EndpointLinksResolver      : Exposing 1 endpoint beneath base path '/actuator'
2026-03-16T10:12:33.017-03:00 DEBUG 14476 --- [somnitide] [main] o.s.s.web.DefaultSecurityFilterChain     : Will secure any request with filters: DisableEncodeUrlFilter, WebAsyncManagerIntegrationFilter, SecurityContextHolderFilter, HeaderWriterFilter, CorsFilter, LogoutFilter, BearerTokenAuthenticationFilter, RequestCacheAwareFilter, SecurityContextHolderAwareRequestFilter, AnonymousAuthenticationFilter, SessionManagementFilter, ExceptionTranslationFilter, AuthorizationFilter
2026-03-16T10:12:33.708-03:00  INFO 14476 --- [somnitide] [main] o.s.b.w.embedded.tomcat.TomcatWebServer  : Tomcat started on port 80 (http) with context path '/'
2026-03-16T10:12:33.733-03:00  INFO 14476 --- [somnitide] [main] dev.somnitide.SomnitideApplication       : Started SomnitideApplication in 10.073 seconds (process running for 10.378)
2026-03-16T10:27:12.382-03:00  INFO 5772 --- [somnitide] [main] dev.somnitide.SomnitideApplication       : Starting SomnitideApplication using Java 17.0.18 with PID 5772 (C:\Users\myPC\Desktop\dev\personal\somnitide\backend\target\classes started by us in C:\Users\myPC\Desktop\dev\personal\somnitide\backend)
2026-03-16T10:27:12.384-03:00 DEBUG 5772 --- [somnitide] [main] dev.somnitide.SomnitideApplication       : Running with Spring Boot v3.3.5, Spring v6.1.14
2026-03-16T10:27:12.385-03:00  INFO 5772 --- [somnitide] [main] dev.somnitide.SomnitideApplication       : No active profile set, falling back to 1 default profile: "default"
2026-03-16T10:27:13.247-03:00  INFO 5772 --- [somnitide] [main] .s.d.r.c.RepositoryConfigurationDelegate : Bootstrapping Spring Data JPA repositories in DEFAULT mode.
2026-03-16T10:27:13.317-03:00  INFO 5772 --- [somnitide] [main] .s.d.r.c.RepositoryConfigurationDelegate : Finished Spring Data repository scanning in 62 ms. Found 3 JPA repository interfaces.
2026-03-16T10:27:13.845-03:00  INFO 5772 --- [somnitide] [main] o.s.b.w.embedded.tomcat.TomcatWebServer  : Tomcat initialized with port 80 (http)
2026-03-16T10:27:13.854-03:00  INFO 5772 --- [somnitide] [main] o.apache.catalina.core.StandardService   : Starting service [Tomcat]
2026-03-16T10:27:13.854-03:00  INFO 5772 --- [somnitide] [main] o.apache.catalina.core.StandardEngine    : Starting Servlet engine: [Apache Tomcat/10.1.31]
2026-03-16T10:27:13.902-03:00  INFO 5772 --- [somnitide] [main] o.a.c.c.C.[Tomcat].[localhost].[/]       : Initializing Spring embedded WebApplicationContext
2026-03-16T10:27:13.903-03:00  INFO 5772 --- [somnitide] [main] w.s.c.ServletWebServerApplicationContext : Root WebApplicationContext: initialization completed in 1468 ms
2026-03-16T10:27:14.158-03:00  INFO 5772 --- [somnitide] [main] com.zaxxer.hikari.HikariDataSource       : HikariPool-1 - Starting...
2026-03-16T10:27:14.794-03:00  INFO 5772 --- [somnitide] [main] com.zaxxer.hikari.pool.HikariPool        : HikariPool-1 - Added connection org.postgresql.jdbc.PgConnection@e706aa
2026-03-16T10:27:14.796-03:00  INFO 5772 --- [somnitide] [main] com.zaxxer.hikari.HikariDataSource       : HikariPool-1 - Start completed.
2026-03-16T10:27:14.925-03:00  INFO 5772 --- [somnitide] [main] org.flywaydb.core.FlywayExecutor         : Database: jdbc:postgresql://aws-1-sa-east-1.pooler.supabase.com:6543/postgres (PostgreSQL 17.6)
2026-03-16T10:27:15.275-03:00  WARN 5772 --- [somnitide] [main] o.f.c.internal.database.base.Database    : Flyway upgrade recommended: PostgreSQL 17.6 is newer than this version of Flyway and support has not been tested. The latest supported version of PostgreSQL is 16.
2026-03-16T10:27:15.566-03:00  INFO 5772 --- [somnitide] [main] o.f.core.internal.command.DbValidate     : Successfully validated 6 migrations (execution time 00:00.228s)
2026-03-16T10:27:16.153-03:00  INFO 5772 --- [somnitide] [main] o.f.core.internal.command.DbMigrate      : Current version of schema "public": 5
2026-03-16T10:27:16.200-03:00  INFO 5772 --- [somnitide] [main] o.f.core.internal.command.DbMigrate      : Schema "public" is up to date. No migration necessary.
2026-03-16T10:27:16.524-03:00  INFO 5772 --- [somnitide] [main] o.hibernate.jpa.internal.util.LogHelper  : HHH000204: Processing PersistenceUnitInfo [name: default]
2026-03-16T10:27:16.564-03:00  INFO 5772 --- [somnitide] [main] org.hibernate.Version                    : HHH000412: Hibernate ORM core version 6.5.3.Final
2026-03-16T10:27:16.586-03:00  INFO 5772 --- [somnitide] [main] o.h.c.internal.RegionFactoryInitiator    : HHH000026: Second-level cache disabled
2026-03-16T10:27:16.771-03:00  INFO 5772 --- [somnitide] [main] o.s.o.j.p.SpringPersistenceUnitInfo      : No LoadTimeWeaver setup: ignoring JPA class transformer
2026-03-16T10:27:16.869-03:00  WARN 5772 --- [somnitide] [main] org.hibernate.orm.deprecation            : HHH90000025: PostgreSQLDialect does not need to be specified explicitly using 'hibernate.dialect' (remove the property setting and it will be selected by default)
2026-03-16T10:27:17.535-03:00  INFO 5772 --- [somnitide] [main] o.h.e.t.j.p.i.JtaPlatformInitiator       : HHH000489: No JTA platform available (set 'hibernate.transaction.jta.platform' to enable JTA platform integration)
2026-03-16T10:27:17.797-03:00  INFO 5772 --- [somnitide] [main] j.LocalContainerEntityManagerFactoryBean : Initialized JPA EntityManagerFactory for persistence unit 'default'
2026-03-16T10:27:18.010-03:00  INFO 5772 --- [somnitide] [main] o.s.d.j.r.query.QueryEnhancerFactory     : Hibernate is in classpath; If applicable, HQL parser will be used.
2026-03-16T10:27:18.446-03:00 DEBUG 5772 --- [somnitide] [main] swordEncoderAuthenticationManagerBuilder : No authenticationProviders and no parentAuthenticationManager defined. Returning null.
2026-03-16T10:27:18.697-03:00  INFO 5772 --- [somnitide] [main] o.s.b.a.e.web.EndpointLinksResolver      : Exposing 1 endpoint beneath base path '/actuator'
2026-03-16T10:27:18.785-03:00 DEBUG 5772 --- [somnitide] [main] o.s.s.web.DefaultSecurityFilterChain     : Will secure any request with filters: DisableEncodeUrlFilter, WebAsyncManagerIntegrationFilter, SecurityContextHolderFilter, HeaderWriterFilter, CorsFilter, LogoutFilter, BearerTokenAuthenticationFilter, RequestCacheAwareFilter, SecurityContextHolderAwareRequestFilter, AnonymousAuthenticationFilter, SessionManagementFilter, ExceptionTranslationFilter, AuthorizationFilter
2026-03-16T10:27:19.111-03:00  INFO 5772 --- [somnitide] [main] o.s.b.w.embedded.tomcat.TomcatWebServer  : Tomcat started on port 80 (http) with context path '/'
2026-03-16T10:27:19.123-03:00  INFO 5772 --- [somnitide] [main] dev.somnitide.SomnitideApplication       : Started SomnitideApplication in 7.181 seconds (process running for 7.46)
2026-03-16T10:27:44.507-03:00  INFO 5772 --- [somnitide] [http-nio-80-exec-8] o.a.c.c.C.[Tomcat].[localhost].[/]       : Initializing Spring DispatcherServlet 'dispatcherServlet'
2026-03-16T10:27:44.507-03:00  INFO 5772 --- [somnitide] [http-nio-80-exec-8] o.s.web.servlet.DispatcherServlet        : Initializing Servlet 'dispatcherServlet'
2026-03-16T10:27:44.509-03:00  INFO 5772 --- [somnitide] [http-nio-80-exec-8] o.s.web.servlet.DispatcherServlet        : Completed initialization in 2 ms
2026-03-16T10:27:44.531-03:00 DEBUG 5772 --- [somnitide] [http-nio-80-exec-1] o.s.security.web.FilterChainProxy        : Securing OPTIONS /api/v1/sessions?limit=1
2026-03-16T10:27:44.531-03:00 DEBUG 5772 --- [somnitide] [http-nio-80-exec-8] o.s.security.web.FilterChainProxy        : Securing OPTIONS /api/v1/preferences
2026-03-16T10:27:44.556-03:00 DEBUG 5772 --- [somnitide] [http-nio-80-exec-3] o.s.security.web.FilterChainProxy        : Securing GET /api/v1/preferences
2026-03-16T10:27:44.556-03:00 DEBUG 5772 --- [somnitide] [http-nio-80-exec-4] o.s.security.web.FilterChainProxy        : Securing GET /api/v1/sessions?limit=1
2026-03-16T10:27:44.954-03:00 DEBUG 5772 --- [somnitide] [http-nio-80-exec-4] o.s.s.o.s.r.a.JwtAuthenticationProvider  : Authenticated token
2026-03-16T10:27:44.954-03:00 DEBUG 5772 --- [somnitide] [http-nio-80-exec-3] o.s.s.o.s.r.a.JwtAuthenticationProvider  : Authenticated token
2026-03-16T10:27:44.955-03:00 DEBUG 5772 --- [somnitide] [http-nio-80-exec-4] .s.r.w.a.BearerTokenAuthenticationFilter : Set SecurityContextHolder to JwtAuthenticationToken [Principal=org.springframework.security.oauth2.jwt.Jwt@688dbb31, Credentials=[PROTECTED], Authenticated=true, Details=WebAuthenticationDetails [RemoteIpAddress=0:0:0:0:0:0:0:1, SessionId=null], Granted Authorities=[]]
2026-03-16T10:27:44.955-03:00 DEBUG 5772 --- [somnitide] [http-nio-80-exec-3] .s.r.w.a.BearerTokenAuthenticationFilter : Set SecurityContextHolder to JwtAuthenticationToken [Principal=org.springframework.security.oauth2.jwt.Jwt@688dbb31, Credentials=[PROTECTED], Authenticated=true, Details=WebAuthenticationDetails [RemoteIpAddress=0:0:0:0:0:0:0:1, SessionId=null], Granted Authorities=[]]
2026-03-16T10:27:44.959-03:00 DEBUG 5772 --- [somnitide] [http-nio-80-exec-4] o.s.security.web.FilterChainProxy        : Secured GET /api/v1/sessions?limit=1
2026-03-16T10:27:44.959-03:00 DEBUG 5772 --- [somnitide] [http-nio-80-exec-3] o.s.security.web.FilterChainProxy        : Secured GET /api/v1/preferences
2026-03-16T10:27:45.862-03:00 DEBUG 5772 --- [somnitide] [http-nio-80-exec-5] o.s.security.web.FilterChainProxy        : Securing OPTIONS /api/v1/ranking
2026-03-16T10:27:45.865-03:00 DEBUG 5772 --- [somnitide] [http-nio-80-exec-7] o.s.security.web.FilterChainProxy        : Securing GET /api/v1/ranking
2026-03-16T10:27:45.868-03:00 DEBUG 5772 --- [somnitide] [http-nio-80-exec-7] o.s.s.o.s.r.a.JwtAuthenticationProvider  : Authenticated token
2026-03-16T10:27:45.869-03:00 DEBUG 5772 --- [somnitide] [http-nio-80-exec-7] .s.r.w.a.BearerTokenAuthenticationFilter : Set SecurityContextHolder to JwtAuthenticationToken [Principal=org.springframework.security.oauth2.jwt.Jwt@688dbb31, Credentials=[PROTECTED], Authenticated=true, Details=WebAuthenticationDetails [RemoteIpAddress=0:0:0:0:0:0:0:1, SessionId=null], Granted Authorities=[]]
2026-03-16T10:27:45.870-03:00 DEBUG 5772 --- [somnitide] [http-nio-80-exec-7] o.s.security.web.FilterChainProxy        : Secured GET /api/v1/ranking
2026-03-16T10:27:53.280-03:00 DEBUG 5772 --- [somnitide] [http-nio-80-exec-6] o.s.security.web.FilterChainProxy        : Securing OPTIONS /api/v1/ranking/profile/chico
2026-03-16T10:27:53.285-03:00 DEBUG 5772 --- [somnitide] [http-nio-80-exec-9] o.s.security.web.FilterChainProxy        : Securing GET /api/v1/ranking/profile/chico
2026-03-16T10:27:53.291-03:00 DEBUG 5772 --- [somnitide] [http-nio-80-exec-9] o.s.s.o.s.r.a.JwtAuthenticationProvider  : Authenticated token
2026-03-16T10:27:53.292-03:00 DEBUG 5772 --- [somnitide] [http-nio-80-exec-9] .s.r.w.a.BearerTokenAuthenticationFilter : Set SecurityContextHolder to JwtAuthenticationToken [Principal=org.springframework.security.oauth2.jwt.Jwt@688dbb31, Credentials=[PROTECTED], Authenticated=true, Details=WebAuthenticationDetails [RemoteIpAddress=0:0:0:0:0:0:0:1, SessionId=null], Granted Authorities=[]]
2026-03-16T10:27:53.293-03:00 DEBUG 5772 --- [somnitide] [http-nio-80-exec-9] o.s.security.web.FilterChainProxy        : Secured GET /api/v1/ranking/profile/chico
2026-03-16T10:29:23.341-03:00 DEBUG 5772 --- [somnitide] [http-nio-80-exec-8] o.s.security.web.FilterChainProxy        : Securing OPTIONS /api/v1/sessions?limit=50
2026-03-16T10:29:23.345-03:00 DEBUG 5772 --- [somnitide] [http-nio-80-exec-1] o.s.security.web.FilterChainProxy        : Securing GET /api/v1/sessions?limit=50
2026-03-16T10:29:23.349-03:00 DEBUG 5772 --- [somnitide] [http-nio-80-exec-1] o.s.s.o.s.r.a.JwtAuthenticationProvider  : Authenticated token
2026-03-16T10:29:23.350-03:00 DEBUG 5772 --- [somnitide] [http-nio-80-exec-1] .s.r.w.a.BearerTokenAuthenticationFilter : Set SecurityContextHolder to JwtAuthenticationToken [Principal=org.springframework.security.oauth2.jwt.Jwt@688dbb31, Credentials=[PROTECTED], Authenticated=true, Details=WebAuthenticationDetails [RemoteIpAddress=0:0:0:0:0:0:0:1, SessionId=null], Granted Authorities=[]]
2026-03-16T10:29:23.351-03:00 DEBUG 5772 --- [somnitide] [http-nio-80-exec-1] o.s.security.web.FilterChainProxy        : Secured GET /api/v1/sessions?limit=50
2026-03-16T10:29:25.695-03:00 DEBUG 5772 --- [somnitide] [http-nio-80-exec-3] o.s.security.web.FilterChainProxy        : Securing OPTIONS /api/v1/me/progress?days=7
2026-03-16T10:29:25.700-03:00 DEBUG 5772 --- [somnitide] [http-nio-80-exec-4] o.s.security.web.FilterChainProxy        : Securing GET /api/v1/me/progress?days=7
2026-03-16T10:29:25.704-03:00 DEBUG 5772 --- [somnitide] [http-nio-80-exec-4] o.s.s.o.s.r.a.JwtAuthenticationProvider  : Authenticated token
2026-03-16T10:29:25.705-03:00 DEBUG 5772 --- [somnitide] [http-nio-80-exec-4] .s.r.w.a.BearerTokenAuthenticationFilter : Set SecurityContextHolder to JwtAuthenticationToken [Principal=org.springframework.security.oauth2.jwt.Jwt@688dbb31, Credentials=[PROTECTED], Authenticated=true, Details=WebAuthenticationDetails [RemoteIpAddress=0:0:0:0:0:0:0:1, SessionId=null], Granted Authorities=[]]
2026-03-16T10:29:25.706-03:00 DEBUG 5772 --- [somnitide] [http-nio-80-exec-4] o.s.security.web.FilterChainProxy        : Secured GET /api/v1/me/progress?days=7
2026-03-16T10:29:27.715-03:00 DEBUG 5772 --- [somnitide] [http-nio-80-exec-5] o.s.security.web.FilterChainProxy        : Securing GET /api/v1/sessions?limit=50
2026-03-16T10:29:27.719-03:00 DEBUG 5772 --- [somnitide] [http-nio-80-exec-5] o.s.s.o.s.r.a.JwtAuthenticationProvider  : Authenticated token
2026-03-16T10:29:27.720-03:00 DEBUG 5772 --- [somnitide] [http-nio-80-exec-5] .s.r.w.a.BearerTokenAuthenticationFilter : Set SecurityContextHolder to JwtAuthenticationToken [Principal=org.springframework.security.oauth2.jwt.Jwt@688dbb31, Credentials=[PROTECTED], Authenticated=true, Details=WebAuthenticationDetails [RemoteIpAddress=0:0:0:0:0:0:0:1, SessionId=null], Granted Authorities=[]]
2026-03-16T10:29:27.721-03:00 DEBUG 5772 --- [somnitide] [http-nio-80-exec-5] o.s.security.web.FilterChainProxy        : Secured GET /api/v1/sessions?limit=50
2026-03-16T10:30:02.578-03:00 DEBUG 5772 --- [somnitide] [http-nio-80-exec-7] o.s.security.web.FilterChainProxy        : Securing OPTIONS /api/v1/profiles/me
2026-03-16T10:30:02.582-03:00 DEBUG 5772 --- [somnitide] [http-nio-80-exec-6] o.s.security.web.FilterChainProxy        : Securing GET /api/v1/profiles/me
2026-03-16T10:30:02.585-03:00 DEBUG 5772 --- [somnitide] [http-nio-80-exec-6] o.s.s.o.s.r.a.JwtAuthenticationProvider  : Authenticated token
2026-03-16T10:30:02.585-03:00 DEBUG 5772 --- [somnitide] [http-nio-80-exec-6] .s.r.w.a.BearerTokenAuthenticationFilter : Set SecurityContextHolder to JwtAuthenticationToken [Principal=org.springframework.security.oauth2.jwt.Jwt@688dbb31, Credentials=[PROTECTED], Authenticated=true, Details=WebAuthenticationDetails [RemoteIpAddress=0:0:0:0:0:0:0:1, SessionId=null], Granted Authorities=[]]
2026-03-16T10:30:02.587-03:00 DEBUG 5772 --- [somnitide] [http-nio-80-exec-6] o.s.security.web.FilterChainProxy        : Secured GET /api/v1/profiles/me
2026-03-16T10:30:04.878-03:00 DEBUG 5772 --- [somnitide] [http-nio-80-exec-9] o.s.security.web.FilterChainProxy        : Securing OPTIONS /api/v1/me/progress?days=7
2026-03-16T10:30:04.881-03:00 DEBUG 5772 --- [somnitide] [http-nio-80-exec-10] o.s.security.web.FilterChainProxy        : Securing GET /api/v1/me/progress?days=7
2026-03-16T10:30:04.887-03:00 DEBUG 5772 --- [somnitide] [http-nio-80-exec-10] o.s.s.o.s.r.a.JwtAuthenticationProvider  : Authenticated token
2026-03-16T10:30:04.887-03:00 DEBUG 5772 --- [somnitide] [http-nio-80-exec-10] .s.r.w.a.BearerTokenAuthenticationFilter : Set SecurityContextHolder to JwtAuthenticationToken [Principal=org.springframework.security.oauth2.jwt.Jwt@688dbb31, Credentials=[PROTECTED], Authenticated=true, Details=WebAuthenticationDetails [RemoteIpAddress=0:0:0:0:0:0:0:1, SessionId=null], Granted Authorities=[]]
2026-03-16T10:30:04.888-03:00 DEBUG 5772 --- [somnitide] [http-nio-80-exec-10] o.s.security.web.FilterChainProxy        : Secured GET /api/v1/me/progress?days=7
2026-03-16T10:30:05.469-03:00 DEBUG 5772 --- [somnitide] [http-nio-80-exec-2] o.s.security.web.FilterChainProxy        : Securing OPTIONS /api/v1/ranking
2026-03-16T10:30:05.473-03:00 DEBUG 5772 --- [somnitide] [http-nio-80-exec-8] o.s.security.web.FilterChainProxy        : Securing GET /api/v1/ranking
2026-03-16T10:30:05.475-03:00 DEBUG 5772 --- [somnitide] [http-nio-80-exec-8] o.s.s.o.s.r.a.JwtAuthenticationProvider  : Authenticated token
2026-03-16T10:30:05.477-03:00 DEBUG 5772 --- [somnitide] [http-nio-80-exec-8] .s.r.w.a.BearerTokenAuthenticationFilter : Set SecurityContextHolder to JwtAuthenticationToken [Principal=org.springframework.security.oauth2.jwt.Jwt@688dbb31, Credentials=[PROTECTED], Authenticated=true, Details=WebAuthenticationDetails [RemoteIpAddress=0:0:0:0:0:0:0:1, SessionId=null], Granted Authorities=[]]
2026-03-16T10:30:05.479-03:00 DEBUG 5772 --- [somnitide] [http-nio-80-exec-8] o.s.security.web.FilterChainProxy        : Secured GET /api/v1/ranking
2026-03-16T10:30:06.514-03:00 DEBUG 5772 --- [somnitide] [http-nio-80-exec-1] o.s.security.web.FilterChainProxy        : Securing OPTIONS /api/v1/ranking/profile/chico
2026-03-16T10:30:06.520-03:00 DEBUG 5772 --- [somnitide] [http-nio-80-exec-3] o.s.security.web.FilterChainProxy        : Securing GET /api/v1/ranking/profile/chico
2026-03-16T10:30:06.525-03:00 DEBUG 5772 --- [somnitide] [http-nio-80-exec-3] o.s.s.o.s.r.a.JwtAuthenticationProvider  : Authenticated token
2026-03-16T10:30:06.526-03:00 DEBUG 5772 --- [somnitide] [http-nio-80-exec-3] .s.r.w.a.BearerTokenAuthenticationFilter : Set SecurityContextHolder to JwtAuthenticationToken [Principal=org.springframework.security.oauth2.jwt.Jwt@688dbb31, Credentials=[PROTECTED], Authenticated=true, Details=WebAuthenticationDetails [RemoteIpAddress=0:0:0:0:0:0:0:1, SessionId=null], Granted Authorities=[]]
2026-03-16T10:30:06.527-03:00 DEBUG 5772 --- [somnitide] [http-nio-80-exec-3] o.s.security.web.FilterChainProxy        : Secured GET /api/v1/ranking/profile/chico
2026-03-16T10:36:06.815-03:00 DEBUG 5772 --- [somnitide] [http-nio-80-exec-5] o.s.security.web.FilterChainProxy        : Securing OPTIONS /api/v1/sessions?limit=1
2026-03-16T10:36:06.815-03:00 DEBUG 5772 --- [somnitide] [http-nio-80-exec-7] o.s.security.web.FilterChainProxy        : Securing OPTIONS /api/v1/preferences
2026-03-16T10:36:06.820-03:00 DEBUG 5772 --- [somnitide] [http-nio-80-exec-9] o.s.security.web.FilterChainProxy        : Securing GET /api/v1/sessions?limit=1
2026-03-16T10:36:06.820-03:00 DEBUG 5772 --- [somnitide] [http-nio-80-exec-6] o.s.security.web.FilterChainProxy        : Securing GET /api/v1/preferences
2026-03-16T10:36:07.202-03:00 DEBUG 5772 --- [somnitide] [http-nio-80-exec-6] o.s.s.o.s.r.a.JwtAuthenticationProvider  : Authenticated token
2026-03-16T10:36:07.202-03:00 DEBUG 5772 --- [somnitide] [http-nio-80-exec-9] o.s.s.o.s.r.a.JwtAuthenticationProvider  : Authenticated token
2026-03-16T10:36:07.203-03:00 DEBUG 5772 --- [somnitide] [http-nio-80-exec-6] .s.r.w.a.BearerTokenAuthenticationFilter : Set SecurityContextHolder to JwtAuthenticationToken [Principal=org.springframework.security.oauth2.jwt.Jwt@688dbb31, Credentials=[PROTECTED], Authenticated=true, Details=WebAuthenticationDetails [RemoteIpAddress=0:0:0:0:0:0:0:1, SessionId=null], Granted Authorities=[]]
2026-03-16T10:36:07.203-03:00 DEBUG 5772 --- [somnitide] [http-nio-80-exec-9] .s.r.w.a.BearerTokenAuthenticationFilter : Set SecurityContextHolder to JwtAuthenticationToken [Principal=org.springframework.security.oauth2.jwt.Jwt@688dbb31, Credentials=[PROTECTED], Authenticated=true, Details=WebAuthenticationDetails [RemoteIpAddress=0:0:0:0:0:0:0:1, SessionId=null], Granted Authorities=[]]
2026-03-16T10:36:07.205-03:00 DEBUG 5772 --- [somnitide] [http-nio-80-exec-6] o.s.security.web.FilterChainProxy        : Secured GET /api/v1/preferences
2026-03-16T10:36:07.205-03:00 DEBUG 5772 --- [somnitide] [http-nio-80-exec-9] o.s.security.web.FilterChainProxy        : Secured GET /api/v1/sessions?limit=1
2026-03-16T10:36:08.321-03:00 DEBUG 5772 --- [somnitide] [http-nio-80-exec-10] o.s.security.web.FilterChainProxy        : Securing OPTIONS /api/v1/ranking
2026-03-16T10:36:08.324-03:00 DEBUG 5772 --- [somnitide] [http-nio-80-exec-2] o.s.security.web.FilterChainProxy        : Securing GET /api/v1/ranking
2026-03-16T10:36:08.329-03:00 DEBUG 5772 --- [somnitide] [http-nio-80-exec-2] o.s.s.o.s.r.a.JwtAuthenticationProvider  : Authenticated token
2026-03-16T10:36:08.330-03:00 DEBUG 5772 --- [somnitide] [http-nio-80-exec-2] .s.r.w.a.BearerTokenAuthenticationFilter : Set SecurityContextHolder to JwtAuthenticationToken [Principal=org.springframework.security.oauth2.jwt.Jwt@688dbb31, Credentials=[PROTECTED], Authenticated=true, Details=WebAuthenticationDetails [RemoteIpAddress=0:0:0:0:0:0:0:1, SessionId=null], Granted Authorities=[]]
2026-03-16T10:36:08.331-03:00 DEBUG 5772 --- [somnitide] [http-nio-80-exec-2] o.s.security.web.FilterChainProxy        : Secured GET /api/v1/ranking
2026-03-16T10:36:09.436-03:00 DEBUG 5772 --- [somnitide] [http-nio-80-exec-8] o.s.security.web.FilterChainProxy        : Securing OPTIONS /api/v1/ranking/profile/chico
2026-03-16T10:36:09.440-03:00 DEBUG 5772 --- [somnitide] [http-nio-80-exec-1] o.s.security.web.FilterChainProxy        : Securing GET /api/v1/ranking/profile/chico
2026-03-16T10:36:09.443-03:00 DEBUG 5772 --- [somnitide] [http-nio-80-exec-1] o.s.s.o.s.r.a.JwtAuthenticationProvider  : Authenticated token
2026-03-16T10:36:09.444-03:00 DEBUG 5772 --- [somnitide] [http-nio-80-exec-1] .s.r.w.a.BearerTokenAuthenticationFilter : Set SecurityContextHolder to JwtAuthenticationToken [Principal=org.springframework.security.oauth2.jwt.Jwt@688dbb31, Credentials=[PROTECTED], Authenticated=true, Details=WebAuthenticationDetails [RemoteIpAddress=0:0:0:0:0:0:0:1, SessionId=null], Granted Authorities=[]]
2026-03-16T10:36:09.446-03:00 DEBUG 5772 --- [somnitide] [http-nio-80-exec-1] o.s.security.web.FilterChainProxy        : Secured GET /api/v1/ranking/profile/chico
2026-03-16T10:39:26.833-03:00 DEBUG 5772 --- [somnitide] [http-nio-80-exec-7] o.s.security.web.FilterChainProxy        : Securing OPTIONS /api/v1/sessions?limit=1
2026-03-16T10:39:26.836-03:00 DEBUG 5772 --- [somnitide] [http-nio-80-exec-5] o.s.security.web.FilterChainProxy        : Securing OPTIONS /api/v1/preferences
2026-03-16T10:39:26.837-03:00 DEBUG 5772 --- [somnitide] [http-nio-80-exec-6] o.s.security.web.FilterChainProxy        : Securing GET /api/v1/sessions?limit=1
2026-03-16T10:39:26.841-03:00 DEBUG 5772 --- [somnitide] [http-nio-80-exec-9] o.s.security.web.FilterChainProxy        : Securing GET /api/v1/preferences
2026-03-16T10:39:26.841-03:00 DEBUG 5772 --- [somnitide] [http-nio-80-exec-6] o.s.s.o.s.r.a.JwtAuthenticationProvider  : Authenticated token
2026-03-16T10:39:26.842-03:00 DEBUG 5772 --- [somnitide] [http-nio-80-exec-6] .s.r.w.a.BearerTokenAuthenticationFilter : Set SecurityContextHolder to JwtAuthenticationToken [Principal=org.springframework.security.oauth2.jwt.Jwt@688dbb31, Credentials=[PROTECTED], Authenticated=true, Details=WebAuthenticationDetails [RemoteIpAddress=0:0:0:0:0:0:0:1, SessionId=null], Granted Authorities=[]]
2026-03-16T10:39:26.844-03:00 DEBUG 5772 --- [somnitide] [http-nio-80-exec-6] o.s.security.web.FilterChainProxy        : Secured GET /api/v1/sessions?limit=1
2026-03-16T10:39:26.846-03:00 DEBUG 5772 --- [somnitide] [http-nio-80-exec-9] o.s.s.o.s.r.a.JwtAuthenticationProvider  : Authenticated token
2026-03-16T10:39:26.847-03:00 DEBUG 5772 --- [somnitide] [http-nio-80-exec-9] .s.r.w.a.BearerTokenAuthenticationFilter : Set SecurityContextHolder to JwtAuthenticationToken [Principal=org.springframework.security.oauth2.jwt.Jwt@688dbb31, Credentials=[PROTECTED], Authenticated=true, Details=WebAuthenticationDetails [RemoteIpAddress=0:0:0:0:0:0:0:1, SessionId=null], Granted Authorities=[]]
2026-03-16T10:39:26.849-03:00 DEBUG 5772 --- [somnitide] [http-nio-80-exec-9] o.s.security.web.FilterChainProxy        : Secured GET /api/v1/preferences
2026-03-16T10:39:29.466-03:00 DEBUG 5772 --- [somnitide] [http-nio-80-exec-10] o.s.security.web.FilterChainProxy        : Securing OPTIONS /api/v1/ranking
2026-03-16T10:39:29.470-03:00 DEBUG 5772 --- [somnitide] [http-nio-80-exec-2] o.s.security.web.FilterChainProxy        : Securing GET /api/v1/ranking
2026-03-16T10:39:29.473-03:00 DEBUG 5772 --- [somnitide] [http-nio-80-exec-2] o.s.s.o.s.r.a.JwtAuthenticationProvider  : Authenticated token
2026-03-16T10:39:29.474-03:00 DEBUG 5772 --- [somnitide] [http-nio-80-exec-2] .s.r.w.a.BearerTokenAuthenticationFilter : Set SecurityContextHolder to JwtAuthenticationToken [Principal=org.springframework.security.oauth2.jwt.Jwt@688dbb31, Credentials=[PROTECTED], Authenticated=true, Details=WebAuthenticationDetails [RemoteIpAddress=0:0:0:0:0:0:0:1, SessionId=null], Granted Authorities=[]]
2026-03-16T10:39:29.475-03:00 DEBUG 5772 --- [somnitide] [http-nio-80-exec-2] o.s.security.web.FilterChainProxy        : Secured GET /api/v1/ranking
2026-03-16T10:39:30.447-03:00 DEBUG 5772 --- [somnitide] [http-nio-80-exec-8] o.s.security.web.FilterChainProxy        : Securing OPTIONS /api/v1/ranking/profile/chico
2026-03-16T10:39:30.451-03:00 DEBUG 5772 --- [somnitide] [http-nio-80-exec-1] o.s.security.web.FilterChainProxy        : Securing GET /api/v1/ranking/profile/chico
2026-03-16T10:39:30.454-03:00 DEBUG 5772 --- [somnitide] [http-nio-80-exec-1] o.s.s.o.s.r.a.JwtAuthenticationProvider  : Authenticated token
2026-03-16T10:39:30.455-03:00 DEBUG 5772 --- [somnitide] [http-nio-80-exec-1] .s.r.w.a.BearerTokenAuthenticationFilter : Set SecurityContextHolder to JwtAuthenticationToken [Principal=org.springframework.security.oauth2.jwt.Jwt@688dbb31, Credentials=[PROTECTED], Authenticated=true, Details=WebAuthenticationDetails [RemoteIpAddress=0:0:0:0:0:0:0:1, SessionId=null], Granted Authorities=[]]
2026-03-16T10:39:30.456-03:00 DEBUG 5772 --- [somnitide] [http-nio-80-exec-1] o.s.security.web.FilterChainProxy        : Secured GET /api/v1/ranking/profile/chico
2026-03-16T10:39:39.382-03:00 DEBUG 5772 --- [somnitide] [http-nio-80-exec-3] o.s.security.web.FilterChainProxy        : Securing OPTIONS /api/v1/ranking
2026-03-16T10:39:39.390-03:00 DEBUG 5772 --- [somnitide] [http-nio-80-exec-4] o.s.security.web.FilterChainProxy        : Securing GET /api/v1/ranking
2026-03-16T10:39:39.401-03:00 DEBUG 5772 --- [somnitide] [http-nio-80-exec-4] o.s.s.o.s.r.a.JwtAuthenticationProvider  : Authenticated token
2026-03-16T10:39:39.402-03:00 DEBUG 5772 --- [somnitide] [http-nio-80-exec-4] .s.r.w.a.BearerTokenAuthenticationFilter : Set SecurityContextHolder to JwtAuthenticationToken [Principal=org.springframework.security.oauth2.jwt.Jwt@688dbb31, Credentials=[PROTECTED], Authenticated=true, Details=WebAuthenticationDetails [RemoteIpAddress=0:0:0:0:0:0:0:1, SessionId=null], Granted Authorities=[]]
2026-03-16T10:39:39.403-03:00 DEBUG 5772 --- [somnitide] [http-nio-80-exec-4] o.s.security.web.FilterChainProxy        : Secured GET /api/v1/ranking
2026-03-16T10:39:41.601-03:00 DEBUG 5772 --- [somnitide] [http-nio-80-exec-7] o.s.security.web.FilterChainProxy        : Securing OPTIONS /api/v1/ranking/profile/pulosvittor
2026-03-16T10:39:41.605-03:00 DEBUG 5772 --- [somnitide] [http-nio-80-exec-5] o.s.security.web.FilterChainProxy        : Securing GET /api/v1/ranking/profile/pulosvittor
2026-03-16T10:39:41.609-03:00 DEBUG 5772 --- [somnitide] [http-nio-80-exec-5] o.s.s.o.s.r.a.JwtAuthenticationProvider  : Authenticated token
2026-03-16T10:39:41.610-03:00 DEBUG 5772 --- [somnitide] [http-nio-80-exec-5] .s.r.w.a.BearerTokenAuthenticationFilter : Set SecurityContextHolder to JwtAuthenticationToken [Principal=org.springframework.security.oauth2.jwt.Jwt@688dbb31, Credentials=[PROTECTED], Authenticated=true, Details=WebAuthenticationDetails [RemoteIpAddress=0:0:0:0:0:0:0:1, SessionId=null], Granted Authorities=[]]
2026-03-16T10:39:41.610-03:00 DEBUG 5772 --- [somnitide] [http-nio-80-exec-5] o.s.security.web.FilterChainProxy        : Secured GET /api/v1/ranking/profile/pulosvittor
2026-03-16T10:39:43.278-03:00 DEBUG 5772 --- [somnitide] [http-nio-80-exec-9] o.s.security.web.FilterChainProxy        : Securing GET /api/v1/ranking
2026-03-16T10:39:43.281-03:00 DEBUG 5772 --- [somnitide] [http-nio-80-exec-9] o.s.s.o.s.r.a.JwtAuthenticationProvider  : Authenticated token
2026-03-16T10:39:43.281-03:00 DEBUG 5772 --- [somnitide] [http-nio-80-exec-9] .s.r.w.a.BearerTokenAuthenticationFilter : Set SecurityContextHolder to JwtAuthenticationToken [Principal=org.springframework.security.oauth2.jwt.Jwt@688dbb31, Credentials=[PROTECTED], Authenticated=true, Details=WebAuthenticationDetails [RemoteIpAddress=0:0:0:0:0:0:0:1, SessionId=null], Granted Authorities=[]]
2026-03-16T10:39:43.285-03:00 DEBUG 5772 --- [somnitide] [http-nio-80-exec-9] o.s.security.web.FilterChainProxy        : Secured GET /api/v1/ranking
2026-03-16T10:39:43.910-03:00 DEBUG 5772 --- [somnitide] [http-nio-80-exec-6] o.s.security.web.FilterChainProxy        : Securing OPTIONS /api/v1/ranking/profile/ADMIN
2026-03-16T10:39:43.914-03:00 DEBUG 5772 --- [somnitide] [http-nio-80-exec-10] o.s.security.web.FilterChainProxy        : Securing GET /api/v1/ranking/profile/ADMIN
2026-03-16T10:39:43.918-03:00 DEBUG 5772 --- [somnitide] [http-nio-80-exec-10] o.s.s.o.s.r.a.JwtAuthenticationProvider  : Authenticated token
2026-03-16T10:39:43.919-03:00 DEBUG 5772 --- [somnitide] [http-nio-80-exec-10] .s.r.w.a.BearerTokenAuthenticationFilter : Set SecurityContextHolder to JwtAuthenticationToken [Principal=org.springframework.security.oauth2.jwt.Jwt@688dbb31, Credentials=[PROTECTED], Authenticated=true, Details=WebAuthenticationDetails [RemoteIpAddress=0:0:0:0:0:0:0:1, SessionId=null], Granted Authorities=[]]
2026-03-16T10:39:43.920-03:00 DEBUG 5772 --- [somnitide] [http-nio-80-exec-10] o.s.security.web.FilterChainProxy        : Secured GET /api/v1/ranking/profile/ADMIN
2026-03-16T10:39:45.375-03:00 DEBUG 5772 --- [somnitide] [http-nio-80-exec-2] o.s.security.web.FilterChainProxy        : Securing OPTIONS /api/v1/ranking
2026-03-16T10:39:45.378-03:00 DEBUG 5772 --- [somnitide] [http-nio-80-exec-8] o.s.security.web.FilterChainProxy        : Securing GET /api/v1/ranking
2026-03-16T10:39:45.384-03:00 DEBUG 5772 --- [somnitide] [http-nio-80-exec-8] o.s.s.o.s.r.a.JwtAuthenticationProvider  : Authenticated token
2026-03-16T10:39:45.384-03:00 DEBUG 5772 --- [somnitide] [http-nio-80-exec-8] .s.r.w.a.BearerTokenAuthenticationFilter : Set SecurityContextHolder to JwtAuthenticationToken [Principal=org.springframework.security.oauth2.jwt.Jwt@688dbb31, Credentials=[PROTECTED], Authenticated=true, Details=WebAuthenticationDetails [RemoteIpAddress=0:0:0:0:0:0:0:1, SessionId=null], Granted Authorities=[]]
2026-03-16T10:39:45.385-03:00 DEBUG 5772 --- [somnitide] [http-nio-80-exec-8] o.s.security.web.FilterChainProxy        : Secured GET /api/v1/ranking
2026-03-16T10:39:46.470-03:00 DEBUG 5772 --- [somnitide] [http-nio-80-exec-1] o.s.security.web.FilterChainProxy        : Securing OPTIONS /api/v1/ranking/profile/tester
2026-03-16T10:39:46.473-03:00 DEBUG 5772 --- [somnitide] [http-nio-80-exec-3] o.s.security.web.FilterChainProxy        : Securing GET /api/v1/ranking/profile/tester
2026-03-16T10:39:46.476-03:00 DEBUG 5772 --- [somnitide] [http-nio-80-exec-3] o.s.s.o.s.r.a.JwtAuthenticationProvider  : Authenticated token
2026-03-16T10:39:46.477-03:00 DEBUG 5772 --- [somnitide] [http-nio-80-exec-3] .s.r.w.a.BearerTokenAuthenticationFilter : Set SecurityContextHolder to JwtAuthenticationToken [Principal=org.springframework.security.oauth2.jwt.Jwt@688dbb31, Credentials=[PROTECTED], Authenticated=true, Details=WebAuthenticationDetails [RemoteIpAddress=0:0:0:0:0:0:0:1, SessionId=null], Granted Authorities=[]]
2026-03-16T10:39:46.478-03:00 DEBUG 5772 --- [somnitide] [http-nio-80-exec-3] o.s.security.web.FilterChainProxy        : Secured GET /api/v1/ranking/profile/tester
2026-03-16T10:39:47.574-03:00 DEBUG 5772 --- [somnitide] [http-nio-80-exec-4] o.s.security.web.FilterChainProxy        : Securing GET /api/v1/ranking
2026-03-16T10:39:47.576-03:00 DEBUG 5772 --- [somnitide] [http-nio-80-exec-4] o.s.s.o.s.r.a.JwtAuthenticationProvider  : Authenticated token
2026-03-16T10:39:47.578-03:00 DEBUG 5772 --- [somnitide] [http-nio-80-exec-4] .s.r.w.a.BearerTokenAuthenticationFilter : Set SecurityContextHolder to JwtAuthenticationToken [Principal=org.springframework.security.oauth2.jwt.Jwt@688dbb31, Credentials=[PROTECTED], Authenticated=true, Details=WebAuthenticationDetails [RemoteIpAddress=0:0:0:0:0:0:0:1, SessionId=null], Granted Authorities=[]]
2026-03-16T10:39:47.578-03:00 DEBUG 5772 --- [somnitide] [http-nio-80-exec-4] o.s.security.web.FilterChainProxy        : Secured GET /api/v1/ranking
2026-03-16T10:39:49.392-03:00 DEBUG 5772 --- [somnitide] [http-nio-80-exec-7] o.s.security.web.FilterChainProxy        : Securing OPTIONS /api/v1/ranking/profile/luizgustavolab
2026-03-16T10:39:49.400-03:00 DEBUG 5772 --- [somnitide] [http-nio-80-exec-5] o.s.security.web.FilterChainProxy        : Securing GET /api/v1/ranking/profile/luizgustavolab
2026-03-16T10:39:49.405-03:00 DEBUG 5772 --- [somnitide] [http-nio-80-exec-5] o.s.s.o.s.r.a.JwtAuthenticationProvider  : Authenticated token
2026-03-16T10:39:49.406-03:00 DEBUG 5772 --- [somnitide] [http-nio-80-exec-5] .s.r.w.a.BearerTokenAuthenticationFilter : Set SecurityContextHolder to JwtAuthenticationToken [Principal=org.springframework.security.oauth2.jwt.Jwt@688dbb31, Credentials=[PROTECTED], Authenticated=true, Details=WebAuthenticationDetails [RemoteIpAddress=0:0:0:0:0:0:0:1, SessionId=null], Granted Authorities=[]]
2026-03-16T10:39:49.408-03:00 DEBUG 5772 --- [somnitide] [http-nio-80-exec-5] o.s.security.web.FilterChainProxy        : Secured GET /api/v1/ranking/profile/luizgustavolab
2026-03-16T10:43:21.901-03:00 DEBUG 5772 --- [somnitide] [http-nio-80-exec-10] o.s.security.web.FilterChainProxy        : Securing OPTIONS /api/v1/sessions?limit=1
2026-03-16T10:43:21.903-03:00 DEBUG 5772 --- [somnitide] [http-nio-80-exec-2] o.s.security.web.FilterChainProxy        : Securing OPTIONS /api/v1/preferences
2026-03-16T10:43:21.907-03:00 DEBUG 5772 --- [somnitide] [http-nio-80-exec-8] o.s.security.web.FilterChainProxy        : Securing GET /api/v1/sessions?limit=1
2026-03-16T10:43:21.908-03:00 DEBUG 5772 --- [somnitide] [http-nio-80-exec-1] o.s.security.web.FilterChainProxy        : Securing GET /api/v1/preferences
2026-03-16T10:43:22.510-03:00 DEBUG 5772 --- [somnitide] [http-nio-80-exec-1] o.s.s.o.s.r.a.JwtAuthenticationProvider  : Authenticated token
2026-03-16T10:43:22.510-03:00 DEBUG 5772 --- [somnitide] [http-nio-80-exec-8] o.s.s.o.s.r.a.JwtAuthenticationProvider  : Authenticated token
2026-03-16T10:43:22.511-03:00 DEBUG 5772 --- [somnitide] [http-nio-80-exec-1] .s.r.w.a.BearerTokenAuthenticationFilter : Set SecurityContextHolder to JwtAuthenticationToken [Principal=org.springframework.security.oauth2.jwt.Jwt@688dbb31, Credentials=[PROTECTED], Authenticated=true, Details=WebAuthenticationDetails [RemoteIpAddress=0:0:0:0:0:0:0:1, SessionId=null], Granted Authorities=[]]
2026-03-16T10:43:22.511-03:00 DEBUG 5772 --- [somnitide] [http-nio-80-exec-8] .s.r.w.a.BearerTokenAuthenticationFilter : Set SecurityContextHolder to JwtAuthenticationToken [Principal=org.springframework.security.oauth2.jwt.Jwt@688dbb31, Credentials=[PROTECTED], Authenticated=true, Details=WebAuthenticationDetails [RemoteIpAddress=0:0:0:0:0:0:0:1, SessionId=null], Granted Authorities=[]]
2026-03-16T10:43:22.512-03:00 DEBUG 5772 --- [somnitide] [http-nio-80-exec-1] o.s.security.web.FilterChainProxy        : Secured GET /api/v1/preferences
2026-03-16T10:43:22.512-03:00 DEBUG 5772 --- [somnitide] [http-nio-80-exec-8] o.s.security.web.FilterChainProxy        : Secured GET /api/v1/sessions?limit=1
2026-03-16T10:43:23.233-03:00 DEBUG 5772 --- [somnitide] [http-nio-80-exec-3] o.s.security.web.FilterChainProxy        : Securing OPTIONS /api/v1/ranking
2026-03-16T10:43:23.236-03:00 DEBUG 5772 --- [somnitide] [http-nio-80-exec-4] o.s.security.web.FilterChainProxy        : Securing GET /api/v1/ranking
2026-03-16T10:43:23.240-03:00 DEBUG 5772 --- [somnitide] [http-nio-80-exec-4] o.s.s.o.s.r.a.JwtAuthenticationProvider  : Authenticated token
2026-03-16T10:43:23.241-03:00 DEBUG 5772 --- [somnitide] [http-nio-80-exec-4] .s.r.w.a.BearerTokenAuthenticationFilter : Set SecurityContextHolder to JwtAuthenticationToken [Principal=org.springframework.security.oauth2.jwt.Jwt@688dbb31, Credentials=[PROTECTED], Authenticated=true, Details=WebAuthenticationDetails [RemoteIpAddress=0:0:0:0:0:0:0:1, SessionId=null], Granted Authorities=[]]
2026-03-16T10:43:23.241-03:00 DEBUG 5772 --- [somnitide] [http-nio-80-exec-4] o.s.security.web.FilterChainProxy        : Secured GET /api/v1/ranking
2026-03-16T10:43:24.436-03:00 DEBUG 5772 --- [somnitide] [http-nio-80-exec-7] o.s.security.web.FilterChainProxy        : Securing OPTIONS /api/v1/ranking/profile/chico
2026-03-16T10:43:24.440-03:00 DEBUG 5772 --- [somnitide] [http-nio-80-exec-5] o.s.security.web.FilterChainProxy        : Securing GET /api/v1/ranking/profile/chico
2026-03-16T10:43:24.445-03:00 DEBUG 5772 --- [somnitide] [http-nio-80-exec-5] o.s.s.o.s.r.a.JwtAuthenticationProvider  : Authenticated token
2026-03-16T10:43:24.445-03:00 DEBUG 5772 --- [somnitide] [http-nio-80-exec-5] .s.r.w.a.BearerTokenAuthenticationFilter : Set SecurityContextHolder to JwtAuthenticationToken [Principal=org.springframework.security.oauth2.jwt.Jwt@688dbb31, Credentials=[PROTECTED], Authenticated=true, Details=WebAuthenticationDetails [RemoteIpAddress=0:0:0:0:0:0:0:1, SessionId=null], Granted Authorities=[]]
2026-03-16T10:43:24.446-03:00 DEBUG 5772 --- [somnitide] [http-nio-80-exec-5] o.s.security.web.FilterChainProxy        : Secured GET /api/v1/ranking/profile/chico
2026-03-16T10:43:30.235-03:00 DEBUG 5772 --- [somnitide] [http-nio-80-exec-9] o.s.security.web.FilterChainProxy        : Securing OPTIONS /api/v1/sessions?limit=1
2026-03-16T10:43:30.235-03:00 DEBUG 5772 --- [somnitide] [http-nio-80-exec-6] o.s.security.web.FilterChainProxy        : Securing OPTIONS /api/v1/preferences
2026-03-16T10:43:30.238-03:00 DEBUG 5772 --- [somnitide] [http-nio-80-exec-2] o.s.security.web.FilterChainProxy        : Securing GET /api/v1/sessions?limit=1
2026-03-16T10:43:30.238-03:00 DEBUG 5772 --- [somnitide] [http-nio-80-exec-10] o.s.security.web.FilterChainProxy        : Securing GET /api/v1/preferences
2026-03-16T10:43:30.241-03:00 DEBUG 5772 --- [somnitide] [http-nio-80-exec-2] o.s.s.o.s.r.a.JwtAuthenticationProvider  : Authenticated token
2026-03-16T10:43:30.241-03:00 DEBUG 5772 --- [somnitide] [http-nio-80-exec-10] o.s.s.o.s.r.a.JwtAuthenticationProvider  : Authenticated token
2026-03-16T10:43:30.242-03:00 DEBUG 5772 --- [somnitide] [http-nio-80-exec-2] .s.r.w.a.BearerTokenAuthenticationFilter : Set SecurityContextHolder to JwtAuthenticationToken [Principal=org.springframework.security.oauth2.jwt.Jwt@688dbb31, Credentials=[PROTECTED], Authenticated=true, Details=WebAuthenticationDetails [RemoteIpAddress=0:0:0:0:0:0:0:1, SessionId=null], Granted Authorities=[]]
2026-03-16T10:43:30.242-03:00 DEBUG 5772 --- [somnitide] [http-nio-80-exec-10] .s.r.w.a.BearerTokenAuthenticationFilter : Set SecurityContextHolder to JwtAuthenticationToken [Principal=org.springframework.security.oauth2.jwt.Jwt@688dbb31, Credentials=[PROTECTED], Authenticated=true, Details=WebAuthenticationDetails [RemoteIpAddress=0:0:0:0:0:0:0:1, SessionId=null], Granted Authorities=[]]
2026-03-16T10:43:30.242-03:00 DEBUG 5772 --- [somnitide] [http-nio-80-exec-2] o.s.security.web.FilterChainProxy        : Secured GET /api/v1/sessions?limit=1
2026-03-16T10:43:30.243-03:00 DEBUG 5772 --- [somnitide] [http-nio-80-exec-10] o.s.security.web.FilterChainProxy        : Secured GET /api/v1/preferences
2026-03-16T10:43:31.700-03:00 DEBUG 5772 --- [somnitide] [http-nio-80-exec-1] o.s.security.web.FilterChainProxy        : Securing OPTIONS /api/v1/me/progress?days=7
2026-03-16T10:43:31.704-03:00 DEBUG 5772 --- [somnitide] [http-nio-80-exec-8] o.s.security.web.FilterChainProxy        : Securing GET /api/v1/me/progress?days=7
2026-03-16T10:43:31.708-03:00 DEBUG 5772 --- [somnitide] [http-nio-80-exec-8] o.s.s.o.s.r.a.JwtAuthenticationProvider  : Authenticated token
2026-03-16T10:43:31.709-03:00 DEBUG 5772 --- [somnitide] [http-nio-80-exec-8] .s.r.w.a.BearerTokenAuthenticationFilter : Set SecurityContextHolder to JwtAuthenticationToken [Principal=org.springframework.security.oauth2.jwt.Jwt@688dbb31, Credentials=[PROTECTED], Authenticated=true, Details=WebAuthenticationDetails [RemoteIpAddress=0:0:0:0:0:0:0:1, SessionId=null], Granted Authorities=[]]
2026-03-16T10:43:31.709-03:00 DEBUG 5772 --- [somnitide] [http-nio-80-exec-8] o.s.security.web.FilterChainProxy        : Secured GET /api/v1/me/progress?days=7
2026-03-16T10:43:32.464-03:00 DEBUG 5772 --- [somnitide] [http-nio-80-exec-3] o.s.security.web.FilterChainProxy        : Securing OPTIONS /api/v1/ranking
2026-03-16T10:43:32.467-03:00 DEBUG 5772 --- [somnitide] [http-nio-80-exec-4] o.s.security.web.FilterChainProxy        : Securing GET /api/v1/ranking
2026-03-16T10:43:32.470-03:00 DEBUG 5772 --- [somnitide] [http-nio-80-exec-4] o.s.s.o.s.r.a.JwtAuthenticationProvider  : Authenticated token
2026-03-16T10:43:32.470-03:00 DEBUG 5772 --- [somnitide] [http-nio-80-exec-4] .s.r.w.a.BearerTokenAuthenticationFilter : Set SecurityContextHolder to JwtAuthenticationToken [Principal=org.springframework.security.oauth2.jwt.Jwt@688dbb31, Credentials=[PROTECTED], Authenticated=true, Details=WebAuthenticationDetails [RemoteIpAddress=0:0:0:0:0:0:0:1, SessionId=null], Granted Authorities=[]]
2026-03-16T10:43:32.471-03:00 DEBUG 5772 --- [somnitide] [http-nio-80-exec-4] o.s.security.web.FilterChainProxy        : Secured GET /api/v1/ranking
2026-03-16T10:43:34.288-03:00 DEBUG 5772 --- [somnitide] [http-nio-80-exec-7] o.s.security.web.FilterChainProxy        : Securing OPTIONS /api/v1/ranking/profile/pulosvittor
2026-03-16T10:43:34.291-03:00 DEBUG 5772 --- [somnitide] [http-nio-80-exec-5] o.s.security.web.FilterChainProxy        : Securing GET /api/v1/ranking/profile/pulosvittor
2026-03-16T10:43:34.294-03:00 DEBUG 5772 --- [somnitide] [http-nio-80-exec-5] o.s.s.o.s.r.a.JwtAuthenticationProvider  : Authenticated token
2026-03-16T10:43:34.295-03:00 DEBUG 5772 --- [somnitide] [http-nio-80-exec-5] .s.r.w.a.BearerTokenAuthenticationFilter : Set SecurityContextHolder to JwtAuthenticationToken [Principal=org.springframework.security.oauth2.jwt.Jwt@688dbb31, Credentials=[PROTECTED], Authenticated=true, Details=WebAuthenticationDetails [RemoteIpAddress=0:0:0:0:0:0:0:1, SessionId=null], Granted Authorities=[]]
2026-03-16T10:43:34.296-03:00 DEBUG 5772 --- [somnitide] [http-nio-80-exec-5] o.s.security.web.FilterChainProxy        : Secured GET /api/v1/ranking/profile/pulosvittor
2026-03-16T10:45:21.017-03:00 DEBUG 5772 --- [somnitide] [http-nio-80-exec-10] o.s.security.web.FilterChainProxy        : Securing OPTIONS /api/v1/sessions?limit=1
2026-03-16T10:45:21.017-03:00 DEBUG 5772 --- [somnitide] [http-nio-80-exec-2] o.s.security.web.FilterChainProxy        : Securing OPTIONS /api/v1/preferences
2026-03-16T10:45:21.021-03:00 DEBUG 5772 --- [somnitide] [http-nio-80-exec-1] o.s.security.web.FilterChainProxy        : Securing GET /api/v1/preferences
2026-03-16T10:45:21.021-03:00 DEBUG 5772 --- [somnitide] [http-nio-80-exec-8] o.s.security.web.FilterChainProxy        : Securing GET /api/v1/sessions?limit=1
2026-03-16T10:45:21.025-03:00 DEBUG 5772 --- [somnitide] [http-nio-80-exec-1] o.s.s.o.s.r.a.JwtAuthenticationProvider  : Authenticated token
2026-03-16T10:45:21.025-03:00 DEBUG 5772 --- [somnitide] [http-nio-80-exec-8] o.s.s.o.s.r.a.JwtAuthenticationProvider  : Authenticated token
2026-03-16T10:45:21.026-03:00 DEBUG 5772 --- [somnitide] [http-nio-80-exec-1] .s.r.w.a.BearerTokenAuthenticationFilter : Set SecurityContextHolder to JwtAuthenticationToken [Principal=org.springframework.security.oauth2.jwt.Jwt@688dbb31, Credentials=[PROTECTED], Authenticated=true, Details=WebAuthenticationDetails [RemoteIpAddress=0:0:0:0:0:0:0:1, SessionId=null], Granted Authorities=[]]
2026-03-16T10:45:21.026-03:00 DEBUG 5772 --- [somnitide] [http-nio-80-exec-8] .s.r.w.a.BearerTokenAuthenticationFilter : Set SecurityContextHolder to JwtAuthenticationToken [Principal=org.springframework.security.oauth2.jwt.Jwt@688dbb31, Credentials=[PROTECTED], Authenticated=true, Details=WebAuthenticationDetails [RemoteIpAddress=0:0:0:0:0:0:0:1, SessionId=null], Granted Authorities=[]]
2026-03-16T10:45:21.027-03:00 DEBUG 5772 --- [somnitide] [http-nio-80-exec-1] o.s.security.web.FilterChainProxy        : Secured GET /api/v1/preferences
2026-03-16T10:45:21.027-03:00 DEBUG 5772 --- [somnitide] [http-nio-80-exec-8] o.s.security.web.FilterChainProxy        : Secured GET /api/v1/sessions?limit=1
2026-03-16T10:45:32.677-03:00 DEBUG 5772 --- [somnitide] [http-nio-80-exec-3] o.s.security.web.FilterChainProxy        : Securing OPTIONS /api/v1/sessions?limit=1
2026-03-16T10:45:32.677-03:00 DEBUG 5772 --- [somnitide] [http-nio-80-exec-4] o.s.security.web.FilterChainProxy        : Securing OPTIONS /api/v1/preferences
2026-03-16T10:45:32.680-03:00 DEBUG 5772 --- [somnitide] [http-nio-80-exec-5] o.s.security.web.FilterChainProxy        : Securing GET /api/v1/sessions?limit=1
2026-03-16T10:45:32.680-03:00 DEBUG 5772 --- [somnitide] [http-nio-80-exec-7] o.s.security.web.FilterChainProxy        : Securing GET /api/v1/preferences
2026-03-16T10:45:32.684-03:00 DEBUG 5772 --- [somnitide] [http-nio-80-exec-5] o.s.s.o.s.r.a.JwtAuthenticationProvider  : Authenticated token
2026-03-16T10:45:32.684-03:00 DEBUG 5772 --- [somnitide] [http-nio-80-exec-7] o.s.s.o.s.r.a.JwtAuthenticationProvider  : Authenticated token
2026-03-16T10:45:32.685-03:00 DEBUG 5772 --- [somnitide] [http-nio-80-exec-5] .s.r.w.a.BearerTokenAuthenticationFilter : Set SecurityContextHolder to JwtAuthenticationToken [Principal=org.springframework.security.oauth2.jwt.Jwt@688dbb31, Credentials=[PROTECTED], Authenticated=true, Details=WebAuthenticationDetails [RemoteIpAddress=0:0:0:0:0:0:0:1, SessionId=null], Granted Authorities=[]]
2026-03-16T10:45:32.685-03:00 DEBUG 5772 --- [somnitide] [http-nio-80-exec-7] .s.r.w.a.BearerTokenAuthenticationFilter : Set SecurityContextHolder to JwtAuthenticationToken [Principal=org.springframework.security.oauth2.jwt.Jwt@688dbb31, Credentials=[PROTECTED], Authenticated=true, Details=WebAuthenticationDetails [RemoteIpAddress=0:0:0:0:0:0:0:1, SessionId=null], Granted Authorities=[]]
2026-03-16T10:45:32.686-03:00 DEBUG 5772 --- [somnitide] [http-nio-80-exec-5] o.s.security.web.FilterChainProxy        : Secured GET /api/v1/sessions?limit=1
2026-03-16T10:45:32.686-03:00 DEBUG 5772 --- [somnitide] [http-nio-80-exec-7] o.s.security.web.FilterChainProxy        : Secured GET /api/v1/preferences
2026-03-16T10:46:20.950-03:00 DEBUG 5772 --- [somnitide] [http-nio-80-exec-6] o.s.security.web.FilterChainProxy        : Securing OPTIONS /api/v1/preferences
2026-03-16T10:46:20.950-03:00 DEBUG 5772 --- [somnitide] [http-nio-80-exec-9] o.s.security.web.FilterChainProxy        : Securing OPTIONS /api/v1/sessions?limit=1
2026-03-16T10:46:20.954-03:00 DEBUG 5772 --- [somnitide] [http-nio-80-exec-2] o.s.security.web.FilterChainProxy        : Securing GET /api/v1/preferences
2026-03-16T10:46:20.954-03:00 DEBUG 5772 --- [somnitide] [http-nio-80-exec-10] o.s.security.web.FilterChainProxy        : Securing GET /api/v1/sessions?limit=1
2026-03-16T10:46:20.958-03:00 DEBUG 5772 --- [somnitide] [http-nio-80-exec-2] o.s.s.o.s.r.a.JwtAuthenticationProvider  : Authenticated token
2026-03-16T10:46:20.958-03:00 DEBUG 5772 --- [somnitide] [http-nio-80-exec-10] o.s.s.o.s.r.a.JwtAuthenticationProvider  : Authenticated token
2026-03-16T10:46:20.959-03:00 DEBUG 5772 --- [somnitide] [http-nio-80-exec-10] .s.r.w.a.BearerTokenAuthenticationFilter : Set SecurityContextHolder to JwtAuthenticationToken [Principal=org.springframework.security.oauth2.jwt.Jwt@688dbb31, Credentials=[PROTECTED], Authenticated=true, Details=WebAuthenticationDetails [RemoteIpAddress=0:0:0:0:0:0:0:1, SessionId=null], Granted Authorities=[]]
2026-03-16T10:46:20.959-03:00 DEBUG 5772 --- [somnitide] [http-nio-80-exec-2] .s.r.w.a.BearerTokenAuthenticationFilter : Set SecurityContextHolder to JwtAuthenticationToken [Principal=org.springframework.security.oauth2.jwt.Jwt@688dbb31, Credentials=[PROTECTED], Authenticated=true, Details=WebAuthenticationDetails [RemoteIpAddress=0:0:0:0:0:0:0:1, SessionId=null], Granted Authorities=[]]
2026-03-16T10:46:20.960-03:00 DEBUG 5772 --- [somnitide] [http-nio-80-exec-10] o.s.security.web.FilterChainProxy        : Secured GET /api/v1/sessions?limit=1
2026-03-16T10:46:20.960-03:00 DEBUG 5772 --- [somnitide] [http-nio-80-exec-2] o.s.security.web.FilterChainProxy        : Secured GET /api/v1/preferences
2026-03-16T10:46:22.194-03:00 DEBUG 5772 --- [somnitide] [http-nio-80-exec-1] o.s.security.web.FilterChainProxy        : Securing GET /api/v1/sessions?limit=1
2026-03-16T10:46:22.194-03:00 DEBUG 5772 --- [somnitide] [http-nio-80-exec-8] o.s.security.web.FilterChainProxy        : Securing GET /api/v1/preferences
2026-03-16T10:46:22.199-03:00 DEBUG 5772 --- [somnitide] [http-nio-80-exec-1] o.s.s.o.s.r.a.JwtAuthenticationProvider  : Authenticated token
2026-03-16T10:46:22.199-03:00 DEBUG 5772 --- [somnitide] [http-nio-80-exec-8] o.s.s.o.s.r.a.JwtAuthenticationProvider  : Authenticated token
2026-03-16T10:46:22.199-03:00 DEBUG 5772 --- [somnitide] [http-nio-80-exec-1] .s.r.w.a.BearerTokenAuthenticationFilter : Set SecurityContextHolder to JwtAuthenticationToken [Principal=org.springframework.security.oauth2.jwt.Jwt@688dbb31, Credentials=[PROTECTED], Authenticated=true, Details=WebAuthenticationDetails [RemoteIpAddress=0:0:0:0:0:0:0:1, SessionId=null], Granted Authorities=[]]
2026-03-16T10:46:22.199-03:00 DEBUG 5772 --- [somnitide] [http-nio-80-exec-8] .s.r.w.a.BearerTokenAuthenticationFilter : Set SecurityContextHolder to JwtAuthenticationToken [Principal=org.springframework.security.oauth2.jwt.Jwt@688dbb31, Credentials=[PROTECTED], Authenticated=true, Details=WebAuthenticationDetails [RemoteIpAddress=0:0:0:0:0:0:0:1, SessionId=null], Granted Authorities=[]]
2026-03-16T10:46:22.200-03:00 DEBUG 5772 --- [somnitide] [http-nio-80-exec-1] o.s.security.web.FilterChainProxy        : Secured GET /api/v1/sessions?limit=1
2026-03-16T10:46:22.200-03:00 DEBUG 5772 --- [somnitide] [http-nio-80-exec-8] o.s.security.web.FilterChainProxy        : Secured GET /api/v1/preferences
2026-03-16T10:46:22.730-03:00 DEBUG 5772 --- [somnitide] [http-nio-80-exec-4] o.s.security.web.FilterChainProxy        : Securing GET /api/v1/sessions?limit=1
2026-03-16T10:46:22.731-03:00 DEBUG 5772 --- [somnitide] [http-nio-80-exec-3] o.s.security.web.FilterChainProxy        : Securing GET /api/v1/preferences
2026-03-16T10:46:22.734-03:00 DEBUG 5772 --- [somnitide] [http-nio-80-exec-4] o.s.s.o.s.r.a.JwtAuthenticationProvider  : Authenticated token
2026-03-16T10:46:22.734-03:00 DEBUG 5772 --- [somnitide] [http-nio-80-exec-4] .s.r.w.a.BearerTokenAuthenticationFilter : Set SecurityContextHolder to JwtAuthenticationToken [Principal=org.springframework.security.oauth2.jwt.Jwt@688dbb31, Credentials=[PROTECTED], Authenticated=true, Details=WebAuthenticationDetails [RemoteIpAddress=0:0:0:0:0:0:0:1, SessionId=null], Granted Authorities=[]]
2026-03-16T10:46:22.734-03:00 DEBUG 5772 --- [somnitide] [http-nio-80-exec-3] o.s.s.o.s.r.a.JwtAuthenticationProvider  : Authenticated token
2026-03-16T10:46:22.735-03:00 DEBUG 5772 --- [somnitide] [http-nio-80-exec-3] .s.r.w.a.BearerTokenAuthenticationFilter : Set SecurityContextHolder to JwtAuthenticationToken [Principal=org.springframework.security.oauth2.jwt.Jwt@688dbb31, Credentials=[PROTECTED], Authenticated=true, Details=WebAuthenticationDetails [RemoteIpAddress=0:0:0:0:0:0:0:1, SessionId=null], Granted Authorities=[]]
2026-03-16T10:46:22.735-03:00 DEBUG 5772 --- [somnitide] [http-nio-80-exec-4] o.s.security.web.FilterChainProxy        : Secured GET /api/v1/sessions?limit=1
2026-03-16T10:46:22.736-03:00 DEBUG 5772 --- [somnitide] [http-nio-80-exec-3] o.s.security.web.FilterChainProxy        : Secured GET /api/v1/preferences
2026-03-16T10:46:22.937-03:00 DEBUG 5772 --- [somnitide] [http-nio-80-exec-5] o.s.security.web.FilterChainProxy        : Securing GET /api/v1/preferences
2026-03-16T10:46:22.937-03:00 DEBUG 5772 --- [somnitide] [http-nio-80-exec-7] o.s.security.web.FilterChainProxy        : Securing GET /api/v1/sessions?limit=1
2026-03-16T10:46:22.942-03:00 DEBUG 5772 --- [somnitide] [http-nio-80-exec-7] o.s.s.o.s.r.a.JwtAuthenticationProvider  : Authenticated token
2026-03-16T10:46:22.942-03:00 DEBUG 5772 --- [somnitide] [http-nio-80-exec-5] o.s.s.o.s.r.a.JwtAuthenticationProvider  : Authenticated token
2026-03-16T10:46:22.942-03:00 DEBUG 5772 --- [somnitide] [http-nio-80-exec-7] .s.r.w.a.BearerTokenAuthenticationFilter : Set SecurityContextHolder to JwtAuthenticationToken [Principal=org.springframework.security.oauth2.jwt.Jwt@688dbb31, Credentials=[PROTECTED], Authenticated=true, Details=WebAuthenticationDetails [RemoteIpAddress=0:0:0:0:0:0:0:1, SessionId=null], Granted Authorities=[]]
2026-03-16T10:46:22.942-03:00 DEBUG 5772 --- [somnitide] [http-nio-80-exec-5] .s.r.w.a.BearerTokenAuthenticationFilter : Set SecurityContextHolder to JwtAuthenticationToken [Principal=org.springframework.security.oauth2.jwt.Jwt@688dbb31, Credentials=[PROTECTED], Authenticated=true, Details=WebAuthenticationDetails [RemoteIpAddress=0:0:0:0:0:0:0:1, SessionId=null], Granted Authorities=[]]
2026-03-16T10:46:22.943-03:00 DEBUG 5772 --- [somnitide] [http-nio-80-exec-7] o.s.security.web.FilterChainProxy        : Secured GET /api/v1/sessions?limit=1
2026-03-16T10:46:22.944-03:00 DEBUG 5772 --- [somnitide] [http-nio-80-exec-5] o.s.security.web.FilterChainProxy        : Secured GET /api/v1/preferences
2026-03-16T10:46:23.127-03:00 DEBUG 5772 --- [somnitide] [http-nio-80-exec-6] o.s.security.web.FilterChainProxy        : Securing GET /api/v1/sessions?limit=1
2026-03-16T10:46:23.129-03:00 DEBUG 5772 --- [somnitide] [http-nio-80-exec-9] o.s.security.web.FilterChainProxy        : Securing GET /api/v1/preferences
2026-03-16T10:46:23.131-03:00 DEBUG 5772 --- [somnitide] [http-nio-80-exec-6] o.s.s.o.s.r.a.JwtAuthenticationProvider  : Authenticated token
2026-03-16T10:46:23.131-03:00 DEBUG 5772 --- [somnitide] [http-nio-80-exec-6] .s.r.w.a.BearerTokenAuthenticationFilter : Set SecurityContextHolder to JwtAuthenticationToken [Principal=org.springframework.security.oauth2.jwt.Jwt@688dbb31, Credentials=[PROTECTED], Authenticated=true, Details=WebAuthenticationDetails [RemoteIpAddress=0:0:0:0:0:0:0:1, SessionId=null], Granted Authorities=[]]
2026-03-16T10:46:23.132-03:00 DEBUG 5772 --- [somnitide] [http-nio-80-exec-6] o.s.security.web.FilterChainProxy        : Secured GET /api/v1/sessions?limit=1
2026-03-16T10:46:23.133-03:00 DEBUG 5772 --- [somnitide] [http-nio-80-exec-9] o.s.s.o.s.r.a.JwtAuthenticationProvider  : Authenticated token
2026-03-16T10:46:23.133-03:00 DEBUG 5772 --- [somnitide] [http-nio-80-exec-9] .s.r.w.a.BearerTokenAuthenticationFilter : Set SecurityContextHolder to JwtAuthenticationToken [Principal=org.springframework.security.oauth2.jwt.Jwt@688dbb31, Credentials=[PROTECTED], Authenticated=true, Details=WebAuthenticationDetails [RemoteIpAddress=0:0:0:0:0:0:0:1, SessionId=null], Granted Authorities=[]]
2026-03-16T10:46:23.134-03:00 DEBUG 5772 --- [somnitide] [http-nio-80-exec-9] o.s.security.web.FilterChainProxy        : Secured GET /api/v1/preferences
2026-03-16T10:46:24.559-03:00 DEBUG 5772 --- [somnitide] [http-nio-80-exec-2] o.s.security.web.FilterChainProxy        : Securing GET /api/v1/sessions?limit=1
2026-03-16T10:46:24.559-03:00 DEBUG 5772 --- [somnitide] [http-nio-80-exec-10] o.s.security.web.FilterChainProxy        : Securing GET /api/v1/preferences
2026-03-16T10:46:24.561-03:00 DEBUG 5772 --- [somnitide] [http-nio-80-exec-2] o.s.s.o.s.r.a.JwtAuthenticationProvider  : Authenticated token
2026-03-16T10:46:24.562-03:00 DEBUG 5772 --- [somnitide] [http-nio-80-exec-2] .s.r.w.a.BearerTokenAuthenticationFilter : Set SecurityContextHolder to JwtAuthenticationToken [Principal=org.springframework.security.oauth2.jwt.Jwt@688dbb31, Credentials=[PROTECTED], Authenticated=true, Details=WebAuthenticationDetails [RemoteIpAddress=0:0:0:0:0:0:0:1, SessionId=null], Granted Authorities=[]]
2026-03-16T10:46:24.562-03:00 DEBUG 5772 --- [somnitide] [http-nio-80-exec-10] o.s.s.o.s.r.a.JwtAuthenticationProvider  : Authenticated token
2026-03-16T10:46:24.562-03:00 DEBUG 5772 --- [somnitide] [http-nio-80-exec-10] .s.r.w.a.BearerTokenAuthenticationFilter : Set SecurityContextHolder to JwtAuthenticationToken [Principal=org.springframework.security.oauth2.jwt.Jwt@688dbb31, Credentials=[PROTECTED], Authenticated=true, Details=WebAuthenticationDetails [RemoteIpAddress=0:0:0:0:0:0:0:1, SessionId=null], Granted Authorities=[]]
2026-03-16T10:46:24.562-03:00 DEBUG 5772 --- [somnitide] [http-nio-80-exec-2] o.s.security.web.FilterChainProxy        : Secured GET /api/v1/sessions?limit=1
2026-03-16T10:46:24.563-03:00 DEBUG 5772 --- [somnitide] [http-nio-80-exec-10] o.s.security.web.FilterChainProxy        : Secured GET /api/v1/preferences
2026-03-16T10:46:24.890-03:00 DEBUG 5772 --- [somnitide] [http-nio-80-exec-1] o.s.security.web.FilterChainProxy        : Securing GET /api/v1/preferences
2026-03-16T10:46:24.890-03:00 DEBUG 5772 --- [somnitide] [http-nio-80-exec-8] o.s.security.web.FilterChainProxy        : Securing GET /api/v1/sessions?limit=1
2026-03-16T10:46:24.894-03:00 DEBUG 5772 --- [somnitide] [http-nio-80-exec-8] o.s.s.o.s.r.a.JwtAuthenticationProvider  : Authenticated token
2026-03-16T10:46:24.894-03:00 DEBUG 5772 --- [somnitide] [http-nio-80-exec-1] o.s.s.o.s.r.a.JwtAuthenticationProvider  : Authenticated token
2026-03-16T10:46:24.895-03:00 DEBUG 5772 --- [somnitide] [http-nio-80-exec-8] .s.r.w.a.BearerTokenAuthenticationFilter : Set SecurityContextHolder to JwtAuthenticationToken [Principal=org.springframework.security.oauth2.jwt.Jwt@688dbb31, Credentials=[PROTECTED], Authenticated=true, Details=WebAuthenticationDetails [RemoteIpAddress=0:0:0:0:0:0:0:1, SessionId=null], Granted Authorities=[]]
2026-03-16T10:46:24.897-03:00 DEBUG 5772 --- [somnitide] [http-nio-80-exec-8] o.s.security.web.FilterChainProxy        : Secured GET /api/v1/sessions?limit=1
2026-03-16T10:46:24.897-03:00 DEBUG 5772 --- [somnitide] [http-nio-80-exec-1] .s.r.w.a.BearerTokenAuthenticationFilter : Set SecurityContextHolder to JwtAuthenticationToken [Principal=org.springframework.security.oauth2.jwt.Jwt@688dbb31, Credentials=[PROTECTED], Authenticated=true, Details=WebAuthenticationDetails [RemoteIpAddress=0:0:0:0:0:0:0:1, SessionId=null], Granted Authorities=[]]
2026-03-16T10:46:24.898-03:00 DEBUG 5772 --- [somnitide] [http-nio-80-exec-1] o.s.security.web.FilterChainProxy        : Secured GET /api/v1/preferences
2026-03-16T10:46:25.134-03:00 DEBUG 5772 --- [somnitide] [http-nio-80-exec-3] o.s.security.web.FilterChainProxy        : Securing GET /api/v1/sessions?limit=1
2026-03-16T10:46:25.134-03:00 DEBUG 5772 --- [somnitide] [http-nio-80-exec-4] o.s.security.web.FilterChainProxy        : Securing GET /api/v1/preferences
2026-03-16T10:46:25.138-03:00 DEBUG 5772 --- [somnitide] [http-nio-80-exec-4] o.s.s.o.s.r.a.JwtAuthenticationProvider  : Authenticated token
2026-03-16T10:46:25.138-03:00 DEBUG 5772 --- [somnitide] [http-nio-80-exec-3] o.s.s.o.s.r.a.JwtAuthenticationProvider  : Authenticated token
2026-03-16T10:46:25.139-03:00 DEBUG 5772 --- [somnitide] [http-nio-80-exec-4] .s.r.w.a.BearerTokenAuthenticationFilter : Set SecurityContextHolder to JwtAuthenticationToken [Principal=org.springframework.security.oauth2.jwt.Jwt@688dbb31, Credentials=[PROTECTED], Authenticated=true, Details=WebAuthenticationDetails [RemoteIpAddress=0:0:0:0:0:0:0:1, SessionId=null], Granted Authorities=[]]
2026-03-16T10:46:25.139-03:00 DEBUG 5772 --- [somnitide] [http-nio-80-exec-3] .s.r.w.a.BearerTokenAuthenticationFilter : Set SecurityContextHolder to JwtAuthenticationToken [Principal=org.springframework.security.oauth2.jwt.Jwt@688dbb31, Credentials=[PROTECTED], Authenticated=true, Details=WebAuthenticationDetails [RemoteIpAddress=0:0:0:0:0:0:0:1, SessionId=null], Granted Authorities=[]]
2026-03-16T10:46:25.140-03:00 DEBUG 5772 --- [somnitide] [http-nio-80-exec-4] o.s.security.web.FilterChainProxy        : Secured GET /api/v1/preferences
2026-03-16T10:46:25.141-03:00 DEBUG 5772 --- [somnitide] [http-nio-80-exec-3] o.s.security.web.FilterChainProxy        : Secured GET /api/v1/sessions?limit=1
2026-03-16T10:46:25.328-03:00 DEBUG 5772 --- [somnitide] [http-nio-80-exec-5] o.s.security.web.FilterChainProxy        : Securing GET /api/v1/sessions?limit=1
2026-03-16T10:46:25.330-03:00 DEBUG 5772 --- [somnitide] [http-nio-80-exec-7] o.s.security.web.FilterChainProxy        : Securing GET /api/v1/preferences
2026-03-16T10:46:25.331-03:00 DEBUG 5772 --- [somnitide] [http-nio-80-exec-5] o.s.s.o.s.r.a.JwtAuthenticationProvider  : Authenticated token
2026-03-16T10:46:25.332-03:00 DEBUG 5772 --- [somnitide] [http-nio-80-exec-5] .s.r.w.a.BearerTokenAuthenticationFilter : Set SecurityContextHolder to JwtAuthenticationToken [Principal=org.springframework.security.oauth2.jwt.Jwt@688dbb31, Credentials=[PROTECTED], Authenticated=true, Details=WebAuthenticationDetails [RemoteIpAddress=0:0:0:0:0:0:0:1, SessionId=null], Granted Authorities=[]]
2026-03-16T10:46:25.333-03:00 DEBUG 5772 --- [somnitide] [http-nio-80-exec-5] o.s.security.web.FilterChainProxy        : Secured GET /api/v1/sessions?limit=1
2026-03-16T10:46:25.334-03:00 DEBUG 5772 --- [somnitide] [http-nio-80-exec-7] o.s.s.o.s.r.a.JwtAuthenticationProvider  : Authenticated token
2026-03-16T10:46:25.335-03:00 DEBUG 5772 --- [somnitide] [http-nio-80-exec-7] .s.r.w.a.BearerTokenAuthenticationFilter : Set SecurityContextHolder to JwtAuthenticationToken [Principal=org.springframework.security.oauth2.jwt.Jwt@688dbb31, Credentials=[PROTECTED], Authenticated=true, Details=WebAuthenticationDetails [RemoteIpAddress=0:0:0:0:0:0:0:1, SessionId=null], Granted Authorities=[]]
2026-03-16T10:46:25.336-03:00 DEBUG 5772 --- [somnitide] [http-nio-80-exec-7] o.s.security.web.FilterChainProxy        : Secured GET /api/v1/preferences
2026-03-16T10:46:25.533-03:00 DEBUG 5772 --- [somnitide] [http-nio-80-exec-6] o.s.security.web.FilterChainProxy        : Securing GET /api/v1/preferences
2026-03-16T10:46:25.533-03:00 DEBUG 5772 --- [somnitide] [http-nio-80-exec-9] o.s.security.web.FilterChainProxy        : Securing GET /api/v1/sessions?limit=1
2026-03-16T10:46:25.537-03:00 DEBUG 5772 --- [somnitide] [http-nio-80-exec-6] o.s.s.o.s.r.a.JwtAuthenticationProvider  : Authenticated token
2026-03-16T10:46:25.537-03:00 DEBUG 5772 --- [somnitide] [http-nio-80-exec-6] .s.r.w.a.BearerTokenAuthenticationFilter : Set SecurityContextHolder to JwtAuthenticationToken [Principal=org.springframework.security.oauth2.jwt.Jwt@688dbb31, Credentials=[PROTECTED], Authenticated=true, Details=WebAuthenticationDetails [RemoteIpAddress=0:0:0:0:0:0:0:1, SessionId=null], Granted Authorities=[]]
2026-03-16T10:46:25.538-03:00 DEBUG 5772 --- [somnitide] [http-nio-80-exec-9] o.s.s.o.s.r.a.JwtAuthenticationProvider  : Authenticated token
2026-03-16T10:46:25.538-03:00 DEBUG 5772 --- [somnitide] [http-nio-80-exec-6] o.s.security.web.FilterChainProxy        : Secured GET /api/v1/preferences
2026-03-16T10:46:25.539-03:00 DEBUG 5772 --- [somnitide] [http-nio-80-exec-9] .s.r.w.a.BearerTokenAuthenticationFilter : Set SecurityContextHolder to JwtAuthenticationToken [Principal=org.springframework.security.oauth2.jwt.Jwt@688dbb31, Credentials=[PROTECTED], Authenticated=true, Details=WebAuthenticationDetails [RemoteIpAddress=0:0:0:0:0:0:0:1, SessionId=null], Granted Authorities=[]]
2026-03-16T10:46:25.540-03:00 DEBUG 5772 --- [somnitide] [http-nio-80-exec-9] o.s.security.web.FilterChainProxy        : Secured GET /api/v1/sessions?limit=1
2026-03-16T10:46:53.837-03:00 DEBUG 5772 --- [somnitide] [http-nio-80-exec-10] o.s.security.web.FilterChainProxy        : Securing OPTIONS /api/v1/sessions?limit=1
2026-03-16T10:46:53.837-03:00 DEBUG 5772 --- [somnitide] [http-nio-80-exec-2] o.s.security.web.FilterChainProxy        : Securing OPTIONS /api/v1/preferences
2026-03-16T10:46:53.840-03:00 DEBUG 5772 --- [somnitide] [http-nio-80-exec-1] o.s.security.web.FilterChainProxy        : Securing GET /api/v1/sessions?limit=1
2026-03-16T10:46:53.840-03:00 DEBUG 5772 --- [somnitide] [http-nio-80-exec-8] o.s.security.web.FilterChainProxy        : Securing GET /api/v1/preferences
2026-03-16T10:46:53.844-03:00 DEBUG 5772 --- [somnitide] [http-nio-80-exec-8] o.s.s.o.s.r.a.JwtAuthenticationProvider  : Authenticated token
2026-03-16T10:46:53.844-03:00 DEBUG 5772 --- [somnitide] [http-nio-80-exec-1] o.s.s.o.s.r.a.JwtAuthenticationProvider  : Authenticated token
2026-03-16T10:46:53.844-03:00 DEBUG 5772 --- [somnitide] [http-nio-80-exec-8] .s.r.w.a.BearerTokenAuthenticationFilter : Set SecurityContextHolder to JwtAuthenticationToken [Principal=org.springframework.security.oauth2.jwt.Jwt@688dbb31, Credentials=[PROTECTED], Authenticated=true, Details=WebAuthenticationDetails [RemoteIpAddress=0:0:0:0:0:0:0:1, SessionId=null], Granted Authorities=[]]
2026-03-16T10:46:53.844-03:00 DEBUG 5772 --- [somnitide] [http-nio-80-exec-1] .s.r.w.a.BearerTokenAuthenticationFilter : Set SecurityContextHolder to JwtAuthenticationToken [Principal=org.springframework.security.oauth2.jwt.Jwt@688dbb31, Credentials=[PROTECTED], Authenticated=true, Details=WebAuthenticationDetails [RemoteIpAddress=0:0:0:0:0:0:0:1, SessionId=null], Granted Authorities=[]]
2026-03-16T10:46:53.845-03:00 DEBUG 5772 --- [somnitide] [http-nio-80-exec-8] o.s.security.web.FilterChainProxy        : Secured GET /api/v1/preferences
2026-03-16T10:46:53.845-03:00 DEBUG 5772 --- [somnitide] [http-nio-80-exec-1] o.s.security.web.FilterChainProxy        : Secured GET /api/v1/sessions?limit=1
2026-03-16T10:46:57.965-03:00 DEBUG 5772 --- [somnitide] [http-nio-80-exec-3] o.s.security.web.FilterChainProxy        : Securing GET /api/v1/preferences
2026-03-16T10:46:57.965-03:00 DEBUG 5772 --- [somnitide] [http-nio-80-exec-4] o.s.security.web.FilterChainProxy        : Securing GET /api/v1/sessions?limit=1
2026-03-16T10:46:57.969-03:00 DEBUG 5772 --- [somnitide] [http-nio-80-exec-3] o.s.s.o.s.r.a.JwtAuthenticationProvider  : Authenticated token
2026-03-16T10:46:57.969-03:00 DEBUG 5772 --- [somnitide] [http-nio-80-exec-4] o.s.s.o.s.r.a.JwtAuthenticationProvider  : Authenticated token
2026-03-16T10:46:57.970-03:00 DEBUG 5772 --- [somnitide] [http-nio-80-exec-3] .s.r.w.a.BearerTokenAuthenticationFilter : Set SecurityContextHolder to JwtAuthenticationToken [Principal=org.springframework.security.oauth2.jwt.Jwt@688dbb31, Credentials=[PROTECTED], Authenticated=true, Details=WebAuthenticationDetails [RemoteIpAddress=0:0:0:0:0:0:0:1, SessionId=null], Granted Authorities=[]]
2026-03-16T10:46:57.970-03:00 DEBUG 5772 --- [somnitide] [http-nio-80-exec-4] .s.r.w.a.BearerTokenAuthenticationFilter : Set SecurityContextHolder to JwtAuthenticationToken [Principal=org.springframework.security.oauth2.jwt.Jwt@688dbb31, Credentials=[PROTECTED], Authenticated=true, Details=WebAuthenticationDetails [RemoteIpAddress=0:0:0:0:0:0:0:1, SessionId=null], Granted Authorities=[]]
2026-03-16T10:46:57.970-03:00 DEBUG 5772 --- [somnitide] [http-nio-80-exec-3] o.s.security.web.FilterChainProxy        : Secured GET /api/v1/preferences
2026-03-16T10:46:57.971-03:00 DEBUG 5772 --- [somnitide] [http-nio-80-exec-4] o.s.security.web.FilterChainProxy        : Secured GET /api/v1/sessions?limit=1
2026-03-16T10:47:22.117-03:00 DEBUG 5772 --- [somnitide] [http-nio-80-exec-7] o.s.security.web.FilterChainProxy        : Securing OPTIONS /api/v1/ranking
2026-03-16T10:47:22.121-03:00 DEBUG 5772 --- [somnitide] [http-nio-80-exec-5] o.s.security.web.FilterChainProxy        : Securing GET /api/v1/ranking
2026-03-16T10:47:22.123-03:00 DEBUG 5772 --- [somnitide] [http-nio-80-exec-5] o.s.s.o.s.r.a.JwtAuthenticationProvider  : Authenticated token
2026-03-16T10:47:22.124-03:00 DEBUG 5772 --- [somnitide] [http-nio-80-exec-5] .s.r.w.a.BearerTokenAuthenticationFilter : Set SecurityContextHolder to JwtAuthenticationToken [Principal=org.springframework.security.oauth2.jwt.Jwt@688dbb31, Credentials=[PROTECTED], Authenticated=true, Details=WebAuthenticationDetails [RemoteIpAddress=0:0:0:0:0:0:0:1, SessionId=null], Granted Authorities=[]]
2026-03-16T10:47:22.125-03:00 DEBUG 5772 --- [somnitide] [http-nio-80-exec-5] o.s.security.web.FilterChainProxy        : Secured GET /api/v1/ranking
2026-03-16T10:47:41.409-03:00 DEBUG 5772 --- [somnitide] [http-nio-80-exec-6] o.s.security.web.FilterChainProxy        : Securing OPTIONS /api/v1/sessions?limit=1
2026-03-16T10:47:41.412-03:00 DEBUG 5772 --- [somnitide] [http-nio-80-exec-9] o.s.security.web.FilterChainProxy        : Securing GET /api/v1/sessions?limit=1
2026-03-16T10:47:41.413-03:00 DEBUG 5772 --- [somnitide] [http-nio-80-exec-2] o.s.security.web.FilterChainProxy        : Securing OPTIONS /api/v1/preferences
2026-03-16T10:47:41.416-03:00 DEBUG 5772 --- [somnitide] [http-nio-80-exec-9] o.s.s.o.s.r.a.JwtAuthenticationProvider  : Authenticated token
2026-03-16T10:47:41.416-03:00 DEBUG 5772 --- [somnitide] [http-nio-80-exec-10] o.s.security.web.FilterChainProxy        : Securing GET /api/v1/preferences
2026-03-16T10:47:41.416-03:00 DEBUG 5772 --- [somnitide] [http-nio-80-exec-9] .s.r.w.a.BearerTokenAuthenticationFilter : Set SecurityContextHolder to JwtAuthenticationToken [Principal=org.springframework.security.oauth2.jwt.Jwt@d02b7458, Credentials=[PROTECTED], Authenticated=true, Details=WebAuthenticationDetails [RemoteIpAddress=0:0:0:0:0:0:0:1, SessionId=null], Granted Authorities=[]]
2026-03-16T10:47:41.417-03:00 DEBUG 5772 --- [somnitide] [http-nio-80-exec-9] o.s.security.web.FilterChainProxy        : Secured GET /api/v1/sessions?limit=1
2026-03-16T10:47:41.420-03:00 DEBUG 5772 --- [somnitide] [http-nio-80-exec-10] o.s.s.o.s.r.a.JwtAuthenticationProvider  : Authenticated token
2026-03-16T10:47:41.420-03:00 DEBUG 5772 --- [somnitide] [http-nio-80-exec-10] .s.r.w.a.BearerTokenAuthenticationFilter : Set SecurityContextHolder to JwtAuthenticationToken [Principal=org.springframework.security.oauth2.jwt.Jwt@d02b7458, Credentials=[PROTECTED], Authenticated=true, Details=WebAuthenticationDetails [RemoteIpAddress=0:0:0:0:0:0:0:1, SessionId=null], Granted Authorities=[]]
2026-03-16T10:47:41.421-03:00 DEBUG 5772 --- [somnitide] [http-nio-80-exec-10] o.s.security.web.FilterChainProxy        : Secured GET /api/v1/preferences
2026-03-16T10:47:43.599-03:00 DEBUG 5772 --- [somnitide] [http-nio-80-exec-8] o.s.security.web.FilterChainProxy        : Securing OPTIONS /api/v1/ranking
2026-03-16T10:47:43.602-03:00 DEBUG 5772 --- [somnitide] [http-nio-80-exec-1] o.s.security.web.FilterChainProxy        : Securing GET /api/v1/ranking
2026-03-16T10:47:43.605-03:00 DEBUG 5772 --- [somnitide] [http-nio-80-exec-1] o.s.s.o.s.r.a.JwtAuthenticationProvider  : Authenticated token
2026-03-16T10:47:43.606-03:00 DEBUG 5772 --- [somnitide] [http-nio-80-exec-1] .s.r.w.a.BearerTokenAuthenticationFilter : Set SecurityContextHolder to JwtAuthenticationToken [Principal=org.springframework.security.oauth2.jwt.Jwt@d02b7458, Credentials=[PROTECTED], Authenticated=true, Details=WebAuthenticationDetails [RemoteIpAddress=0:0:0:0:0:0:0:1, SessionId=null], Granted Authorities=[]]
2026-03-16T10:47:43.607-03:00 DEBUG 5772 --- [somnitide] [http-nio-80-exec-1] o.s.security.web.FilterChainProxy        : Secured GET /api/v1/ranking
2026-03-16T10:47:44.623-03:00 DEBUG 5772 --- [somnitide] [http-nio-80-exec-3] o.s.security.web.FilterChainProxy        : Securing OPTIONS /api/v1/me/progress?days=7
2026-03-16T10:47:44.626-03:00 DEBUG 5772 --- [somnitide] [http-nio-80-exec-4] o.s.security.web.FilterChainProxy        : Securing GET /api/v1/me/progress?days=7
2026-03-16T10:47:44.630-03:00 DEBUG 5772 --- [somnitide] [http-nio-80-exec-4] o.s.s.o.s.r.a.JwtAuthenticationProvider  : Authenticated token
2026-03-16T10:47:44.630-03:00 DEBUG 5772 --- [somnitide] [http-nio-80-exec-4] .s.r.w.a.BearerTokenAuthenticationFilter : Set SecurityContextHolder to JwtAuthenticationToken [Principal=org.springframework.security.oauth2.jwt.Jwt@d02b7458, Credentials=[PROTECTED], Authenticated=true, Details=WebAuthenticationDetails [RemoteIpAddress=0:0:0:0:0:0:0:1, SessionId=null], Granted Authorities=[]]
2026-03-16T10:47:44.631-03:00 DEBUG 5772 --- [somnitide] [http-nio-80-exec-4] o.s.security.web.FilterChainProxy        : Secured GET /api/v1/me/progress?days=7
2026-03-16T10:47:45.270-03:00 DEBUG 5772 --- [somnitide] [http-nio-80-exec-7] o.s.security.web.FilterChainProxy        : Securing OPTIONS /api/v1/sessions?limit=50
2026-03-16T10:47:45.273-03:00 DEBUG 5772 --- [somnitide] [http-nio-80-exec-5] o.s.security.web.FilterChainProxy        : Securing GET /api/v1/sessions?limit=50
2026-03-16T10:47:45.277-03:00 DEBUG 5772 --- [somnitide] [http-nio-80-exec-5] o.s.s.o.s.r.a.JwtAuthenticationProvider  : Authenticated token
2026-03-16T10:47:45.278-03:00 DEBUG 5772 --- [somnitide] [http-nio-80-exec-5] .s.r.w.a.BearerTokenAuthenticationFilter : Set SecurityContextHolder to JwtAuthenticationToken [Principal=org.springframework.security.oauth2.jwt.Jwt@d02b7458, Credentials=[PROTECTED], Authenticated=true, Details=WebAuthenticationDetails [RemoteIpAddress=0:0:0:0:0:0:0:1, SessionId=null], Granted Authorities=[]]
2026-03-16T10:47:45.278-03:00 DEBUG 5772 --- [somnitide] [http-nio-80-exec-5] o.s.security.web.FilterChainProxy        : Secured GET /api/v1/sessions?limit=50
2026-03-16T10:47:46.258-03:00 DEBUG 5772 --- [somnitide] [http-nio-80-exec-6] o.s.security.web.FilterChainProxy        : Securing GET /api/v1/me/progress?days=7
2026-03-16T10:47:46.261-03:00 DEBUG 5772 --- [somnitide] [http-nio-80-exec-6] o.s.s.o.s.r.a.JwtAuthenticationProvider  : Authenticated token
2026-03-16T10:47:46.262-03:00 DEBUG 5772 --- [somnitide] [http-nio-80-exec-6] .s.r.w.a.BearerTokenAuthenticationFilter : Set SecurityContextHolder to JwtAuthenticationToken [Principal=org.springframework.security.oauth2.jwt.Jwt@d02b7458, Credentials=[PROTECTED], Authenticated=true, Details=WebAuthenticationDetails [RemoteIpAddress=0:0:0:0:0:0:0:1, SessionId=null], Granted Authorities=[]]
2026-03-16T10:47:46.263-03:00 DEBUG 5772 --- [somnitide] [http-nio-80-exec-6] o.s.security.web.FilterChainProxy        : Secured GET /api/v1/me/progress?days=7
2026-03-16T11:07:22.090-03:00 DEBUG 5772 --- [somnitide] [http-nio-80-exec-9] o.s.security.web.FilterChainProxy        : Securing OPTIONS /api/v1/sessions?limit=1
2026-03-16T11:07:22.090-03:00 DEBUG 5772 --- [somnitide] [http-nio-80-exec-8] o.s.security.web.FilterChainProxy        : Securing OPTIONS /api/v1/preferences
2026-03-16T11:07:22.094-03:00 DEBUG 5772 --- [somnitide] [http-nio-80-exec-3] o.s.security.web.FilterChainProxy        : Securing GET /api/v1/preferences
2026-03-16T11:07:22.094-03:00 DEBUG 5772 --- [somnitide] [http-nio-80-exec-1] o.s.security.web.FilterChainProxy        : Securing GET /api/v1/sessions?limit=1
2026-03-16T11:07:22.549-03:00 DEBUG 5772 --- [somnitide] [http-nio-80-exec-1] o.s.s.o.s.r.a.JwtAuthenticationProvider  : Authenticated token
2026-03-16T11:07:22.550-03:00 DEBUG 5772 --- [somnitide] [http-nio-80-exec-1] .s.r.w.a.BearerTokenAuthenticationFilter : Set SecurityContextHolder to JwtAuthenticationToken [Principal=org.springframework.security.oauth2.jwt.Jwt@d02b7458, Credentials=[PROTECTED], Authenticated=true, Details=WebAuthenticationDetails [RemoteIpAddress=0:0:0:0:0:0:0:1, SessionId=null], Granted Authorities=[]]
2026-03-16T11:07:22.550-03:00 DEBUG 5772 --- [somnitide] [http-nio-80-exec-3] o.s.s.o.s.r.a.JwtAuthenticationProvider  : Authenticated token
2026-03-16T11:07:22.550-03:00 DEBUG 5772 --- [somnitide] [http-nio-80-exec-1] o.s.security.web.FilterChainProxy        : Secured GET /api/v1/sessions?limit=1
2026-03-16T11:07:22.551-03:00 DEBUG 5772 --- [somnitide] [http-nio-80-exec-3] .s.r.w.a.BearerTokenAuthenticationFilter : Set SecurityContextHolder to JwtAuthenticationToken [Principal=org.springframework.security.oauth2.jwt.Jwt@d02b7458, Credentials=[PROTECTED], Authenticated=true, Details=WebAuthenticationDetails [RemoteIpAddress=0:0:0:0:0:0:0:1, SessionId=null], Granted Authorities=[]]
2026-03-16T11:07:22.552-03:00 DEBUG 5772 --- [somnitide] [http-nio-80-exec-3] o.s.security.web.FilterChainProxy        : Secured GET /api/v1/preferences
2026-03-16T18:52:54.845-03:00  INFO 2512 --- [somnitide] [main] dev.somnitide.SomnitideApplication       : Starting SomnitideApplication using Java 17.0.18 with PID 2512 (C:\Users\myPC\Desktop\dev\personal\somnitide\backend\target\classes started by us in C:\Users\myPC\Desktop\dev\personal\somnitide\backend)
2026-03-16T18:52:54.858-03:00 DEBUG 2512 --- [somnitide] [main] dev.somnitide.SomnitideApplication       : Running with Spring Boot v3.3.5, Spring v6.1.14
2026-03-16T18:52:54.860-03:00  INFO 2512 --- [somnitide] [main] dev.somnitide.SomnitideApplication       : No active profile set, falling back to 1 default profile: "default"
2026-03-16T18:52:56.129-03:00  INFO 2512 --- [somnitide] [main] .s.d.r.c.RepositoryConfigurationDelegate : Bootstrapping Spring Data JPA repositories in DEFAULT mode.
2026-03-16T18:52:56.198-03:00  INFO 2512 --- [somnitide] [main] .s.d.r.c.RepositoryConfigurationDelegate : Finished Spring Data repository scanning in 63 ms. Found 3 JPA repository interfaces.
2026-03-16T18:52:56.862-03:00  INFO 2512 --- [somnitide] [main] o.s.b.w.embedded.tomcat.TomcatWebServer  : Tomcat initialized with port 80 (http)
2026-03-16T18:52:56.874-03:00  INFO 2512 --- [somnitide] [main] o.apache.catalina.core.StandardService   : Starting service [Tomcat]
2026-03-16T18:52:56.875-03:00  INFO 2512 --- [somnitide] [main] o.apache.catalina.core.StandardEngine    : Starting Servlet engine: [Apache Tomcat/10.1.31]
2026-03-16T18:52:56.932-03:00  INFO 2512 --- [somnitide] [main] o.a.c.c.C.[Tomcat].[localhost].[/]       : Initializing Spring embedded WebApplicationContext
2026-03-16T18:52:56.933-03:00  INFO 2512 --- [somnitide] [main] w.s.c.ServletWebServerApplicationContext : Root WebApplicationContext: initialization completed in 1986 ms
2026-03-16T18:52:57.254-03:00  INFO 2512 --- [somnitide] [main] com.zaxxer.hikari.HikariDataSource       : HikariPool-1 - Starting...
2026-03-16T18:52:57.945-03:00  INFO 2512 --- [somnitide] [main] com.zaxxer.hikari.pool.HikariPool        : HikariPool-1 - Added connection org.postgresql.jdbc.PgConnection@5e8f0f98
2026-03-16T18:52:57.947-03:00  INFO 2512 --- [somnitide] [main] com.zaxxer.hikari.HikariDataSource       : HikariPool-1 - Start completed.
2026-03-16T18:52:58.074-03:00  INFO 2512 --- [somnitide] [main] org.flywaydb.core.FlywayExecutor         : Database: jdbc:postgresql://aws-1-sa-east-1.pooler.supabase.com:6543/postgres (PostgreSQL 17.6)
2026-03-16T18:52:58.412-03:00  WARN 2512 --- [somnitide] [main] o.f.c.internal.database.base.Database    : Flyway upgrade recommended: PostgreSQL 17.6 is newer than this version of Flyway and support has not been tested. The latest supported version of PostgreSQL is 16.
2026-03-16T18:52:58.750-03:00  INFO 2512 --- [somnitide] [main] o.f.core.internal.command.DbValidate     : Successfully validated 6 migrations (execution time 00:00.256s)
2026-03-16T18:52:59.346-03:00  INFO 2512 --- [somnitide] [main] o.f.core.internal.command.DbMigrate      : Current version of schema "public": 5
2026-03-16T18:52:59.401-03:00  INFO 2512 --- [somnitide] [main] o.f.core.internal.command.DbMigrate      : Schema "public" is up to date. No migration necessary.
2026-03-16T18:52:59.767-03:00  INFO 2512 --- [somnitide] [main] o.hibernate.jpa.internal.util.LogHelper  : HHH000204: Processing PersistenceUnitInfo [name: default]
2026-03-16T18:52:59.808-03:00  INFO 2512 --- [somnitide] [main] org.hibernate.Version                    : HHH000412: Hibernate ORM core version 6.5.3.Final
2026-03-16T18:52:59.834-03:00  INFO 2512 --- [somnitide] [main] o.h.c.internal.RegionFactoryInitiator    : HHH000026: Second-level cache disabled
2026-03-16T18:53:00.094-03:00  INFO 2512 --- [somnitide] [main] o.s.o.j.p.SpringPersistenceUnitInfo      : No LoadTimeWeaver setup: ignoring JPA class transformer
2026-03-16T18:53:00.220-03:00  WARN 2512 --- [somnitide] [main] org.hibernate.orm.deprecation            : HHH90000025: PostgreSQLDialect does not need to be specified explicitly using 'hibernate.dialect' (remove the property setting and it will be selected by default)
2026-03-16T18:53:01.158-03:00  INFO 2512 --- [somnitide] [main] o.h.e.t.j.p.i.JtaPlatformInitiator       : HHH000489: No JTA platform available (set 'hibernate.transaction.jta.platform' to enable JTA platform integration)
2026-03-16T18:53:01.535-03:00  INFO 2512 --- [somnitide] [main] j.LocalContainerEntityManagerFactoryBean : Initialized JPA EntityManagerFactory for persistence unit 'default'
2026-03-16T18:53:01.870-03:00  INFO 2512 --- [somnitide] [main] o.s.d.j.r.query.QueryEnhancerFactory     : Hibernate is in classpath; If applicable, HQL parser will be used.
2026-03-16T18:53:02.621-03:00 DEBUG 2512 --- [somnitide] [main] swordEncoderAuthenticationManagerBuilder : No authenticationProviders and no parentAuthenticationManager defined. Returning null.
2026-03-16T18:53:03.072-03:00  INFO 2512 --- [somnitide] [main] o.s.b.a.e.web.EndpointLinksResolver      : Exposing 1 endpoint beneath base path '/actuator'
2026-03-16T18:53:03.229-03:00 DEBUG 2512 --- [somnitide] [main] o.s.s.web.DefaultSecurityFilterChain     : Will secure any request with filters: DisableEncodeUrlFilter, WebAsyncManagerIntegrationFilter, SecurityContextHolderFilter, HeaderWriterFilter, CorsFilter, LogoutFilter, BearerTokenAuthenticationFilter, RequestCacheAwareFilter, SecurityContextHolderAwareRequestFilter, AnonymousAuthenticationFilter, SessionManagementFilter, ExceptionTranslationFilter, AuthorizationFilter
2026-03-16T18:53:03.913-03:00  INFO 2512 --- [somnitide] [main] o.s.b.w.embedded.tomcat.TomcatWebServer  : Tomcat started on port 80 (http) with context path '/'
2026-03-16T18:53:03.935-03:00  INFO 2512 --- [somnitide] [main] dev.somnitide.SomnitideApplication       : Started SomnitideApplication in 9.601 seconds (process running for 10.013)
2026-03-16T18:54:09.041-03:00  INFO 2512 --- [somnitide] [http-nio-80-exec-2] o.a.c.c.C.[Tomcat].[localhost].[/]       : Initializing Spring DispatcherServlet 'dispatcherServlet'
2026-03-16T18:54:09.042-03:00  INFO 2512 --- [somnitide] [http-nio-80-exec-2] o.s.web.servlet.DispatcherServlet        : Initializing Servlet 'dispatcherServlet'
2026-03-16T18:54:09.044-03:00  INFO 2512 --- [somnitide] [http-nio-80-exec-2] o.s.web.servlet.DispatcherServlet        : Completed initialization in 2 ms
2026-03-16T18:54:09.069-03:00 DEBUG 2512 --- [somnitide] [http-nio-80-exec-1] o.s.security.web.FilterChainProxy        : Securing OPTIONS /api/v1/preferences
2026-03-16T18:54:09.069-03:00 DEBUG 2512 --- [somnitide] [http-nio-80-exec-2] o.s.security.web.FilterChainProxy        : Securing OPTIONS /api/v1/sessions?limit=1
2026-03-16T18:54:09.099-03:00 DEBUG 2512 --- [somnitide] [http-nio-80-exec-3] o.s.security.web.FilterChainProxy        : Securing GET /api/v1/sessions?limit=1
2026-03-16T18:54:09.099-03:00 DEBUG 2512 --- [somnitide] [http-nio-80-exec-4] o.s.security.web.FilterChainProxy        : Securing GET /api/v1/preferences
2026-03-16T18:54:09.568-03:00 DEBUG 2512 --- [somnitide] [http-nio-80-exec-3] o.s.s.o.s.r.a.JwtAuthenticationProvider  : Authenticated token
2026-03-16T18:54:09.568-03:00 DEBUG 2512 --- [somnitide] [http-nio-80-exec-4] o.s.s.o.s.r.a.JwtAuthenticationProvider  : Authenticated token
2026-03-16T18:54:09.570-03:00 DEBUG 2512 --- [somnitide] [http-nio-80-exec-4] .s.r.w.a.BearerTokenAuthenticationFilter : Set SecurityContextHolder to JwtAuthenticationToken [Principal=org.springframework.security.oauth2.jwt.Jwt@ca0195c, Credentials=[PROTECTED], Authenticated=true, Details=WebAuthenticationDetails [RemoteIpAddress=0:0:0:0:0:0:0:1, SessionId=null], Granted Authorities=[]]
2026-03-16T18:54:09.570-03:00 DEBUG 2512 --- [somnitide] [http-nio-80-exec-3] .s.r.w.a.BearerTokenAuthenticationFilter : Set SecurityContextHolder to JwtAuthenticationToken [Principal=org.springframework.security.oauth2.jwt.Jwt@ca0195c, Credentials=[PROTECTED], Authenticated=true, Details=WebAuthenticationDetails [RemoteIpAddress=0:0:0:0:0:0:0:1, SessionId=null], Granted Authorities=[]]
2026-03-16T18:54:09.575-03:00 DEBUG 2512 --- [somnitide] [http-nio-80-exec-3] o.s.security.web.FilterChainProxy        : Secured GET /api/v1/sessions?limit=1
2026-03-16T18:54:09.575-03:00 DEBUG 2512 --- [somnitide] [http-nio-80-exec-4] o.s.security.web.FilterChainProxy        : Secured GET /api/v1/preferences
2026-03-16T18:54:11.849-03:00 DEBUG 2512 --- [somnitide] [http-nio-80-exec-5] o.s.security.web.FilterChainProxy        : Securing GET /api/v1/sessions?limit=1
2026-03-16T18:54:11.849-03:00 DEBUG 2512 --- [somnitide] [http-nio-80-exec-6] o.s.security.web.FilterChainProxy        : Securing GET /api/v1/preferences
2026-03-16T18:54:11.854-03:00 DEBUG 2512 --- [somnitide] [http-nio-80-exec-5] o.s.s.o.s.r.a.JwtAuthenticationProvider  : Authenticated token
2026-03-16T18:54:11.855-03:00 DEBUG 2512 --- [somnitide] [http-nio-80-exec-6] o.s.s.o.s.r.a.JwtAuthenticationProvider  : Authenticated token
2026-03-16T18:54:11.855-03:00 DEBUG 2512 --- [somnitide] [http-nio-80-exec-5] .s.r.w.a.BearerTokenAuthenticationFilter : Set SecurityContextHolder to JwtAuthenticationToken [Principal=org.springframework.security.oauth2.jwt.Jwt@ca0195c, Credentials=[PROTECTED], Authenticated=true, Details=WebAuthenticationDetails [RemoteIpAddress=0:0:0:0:0:0:0:1, SessionId=null], Granted Authorities=[]]
2026-03-16T18:54:11.855-03:00 DEBUG 2512 --- [somnitide] [http-nio-80-exec-6] .s.r.w.a.BearerTokenAuthenticationFilter : Set SecurityContextHolder to JwtAuthenticationToken [Principal=org.springframework.security.oauth2.jwt.Jwt@ca0195c, Credentials=[PROTECTED], Authenticated=true, Details=WebAuthenticationDetails [RemoteIpAddress=0:0:0:0:0:0:0:1, SessionId=null], Granted Authorities=[]]
2026-03-16T18:54:11.856-03:00 DEBUG 2512 --- [somnitide] [http-nio-80-exec-6] o.s.security.web.FilterChainProxy        : Secured GET /api/v1/preferences
2026-03-16T18:54:11.856-03:00 DEBUG 2512 --- [somnitide] [http-nio-80-exec-5] o.s.security.web.FilterChainProxy        : Secured GET /api/v1/sessions?limit=1
2026-03-16T18:55:43.534-03:00 DEBUG 2512 --- [somnitide] [http-nio-80-exec-9] o.s.security.web.FilterChainProxy        : Securing OPTIONS /api/v1/sessions?limit=1
2026-03-16T18:55:43.534-03:00 DEBUG 2512 --- [somnitide] [http-nio-80-exec-10] o.s.security.web.FilterChainProxy        : Securing OPTIONS /api/v1/preferences
2026-03-16T18:55:43.539-03:00 DEBUG 2512 --- [somnitide] [http-nio-80-exec-2] o.s.security.web.FilterChainProxy        : Securing GET /api/v1/preferences
2026-03-16T18:55:43.539-03:00 DEBUG 2512 --- [somnitide] [http-nio-80-exec-1] o.s.security.web.FilterChainProxy        : Securing GET /api/v1/sessions?limit=1
2026-03-16T18:55:43.544-03:00 DEBUG 2512 --- [somnitide] [http-nio-80-exec-1] o.s.s.o.s.r.a.JwtAuthenticationProvider  : Authenticated token
2026-03-16T18:55:43.544-03:00 DEBUG 2512 --- [somnitide] [http-nio-80-exec-2] o.s.s.o.s.r.a.JwtAuthenticationProvider  : Authenticated token
2026-03-16T18:55:43.545-03:00 DEBUG 2512 --- [somnitide] [http-nio-80-exec-1] .s.r.w.a.BearerTokenAuthenticationFilter : Set SecurityContextHolder to JwtAuthenticationToken [Principal=org.springframework.security.oauth2.jwt.Jwt@29b61c4f, Credentials=[PROTECTED], Authenticated=true, Details=WebAuthenticationDetails [RemoteIpAddress=0:0:0:0:0:0:0:1, SessionId=null], Granted Authorities=[]]
2026-03-16T18:55:43.545-03:00 DEBUG 2512 --- [somnitide] [http-nio-80-exec-2] .s.r.w.a.BearerTokenAuthenticationFilter : Set SecurityContextHolder to JwtAuthenticationToken [Principal=org.springframework.security.oauth2.jwt.Jwt@29b61c4f, Credentials=[PROTECTED], Authenticated=true, Details=WebAuthenticationDetails [RemoteIpAddress=0:0:0:0:0:0:0:1, SessionId=null], Granted Authorities=[]]
2026-03-16T18:55:43.547-03:00 DEBUG 2512 --- [somnitide] [http-nio-80-exec-1] o.s.security.web.FilterChainProxy        : Secured GET /api/v1/sessions?limit=1
2026-03-16T18:55:43.547-03:00 DEBUG 2512 --- [somnitide] [http-nio-80-exec-2] o.s.security.web.FilterChainProxy        : Secured GET /api/v1/preferences
2026-03-16T19:14:43.418-03:00 DEBUG 2512 --- [somnitide] [http-nio-80-exec-5] o.s.security.web.FilterChainProxy        : Securing OPTIONS /api/v1/preferences
2026-03-16T19:14:43.418-03:00 DEBUG 2512 --- [somnitide] [http-nio-80-exec-6] o.s.security.web.FilterChainProxy        : Securing OPTIONS /api/v1/sessions?limit=1
2026-03-16T19:14:43.422-03:00 DEBUG 2512 --- [somnitide] [http-nio-80-exec-7] o.s.security.web.FilterChainProxy        : Securing GET /api/v1/sessions?limit=1
2026-03-16T19:14:43.422-03:00 DEBUG 2512 --- [somnitide] [http-nio-80-exec-8] o.s.security.web.FilterChainProxy        : Securing GET /api/v1/preferences
2026-03-16T19:14:44.009-03:00 DEBUG 2512 --- [somnitide] [http-nio-80-exec-7] o.s.s.o.s.r.a.JwtAuthenticationProvider  : Authenticated token
2026-03-16T19:14:44.009-03:00 DEBUG 2512 --- [somnitide] [http-nio-80-exec-8] o.s.s.o.s.r.a.JwtAuthenticationProvider  : Authenticated token
2026-03-16T19:14:44.010-03:00 DEBUG 2512 --- [somnitide] [http-nio-80-exec-7] .s.r.w.a.BearerTokenAuthenticationFilter : Set SecurityContextHolder to JwtAuthenticationToken [Principal=org.springframework.security.oauth2.jwt.Jwt@aaf3823a, Credentials=[PROTECTED], Authenticated=true, Details=WebAuthenticationDetails [RemoteIpAddress=0:0:0:0:0:0:0:1, SessionId=null], Granted Authorities=[]]
2026-03-16T19:14:44.010-03:00 DEBUG 2512 --- [somnitide] [http-nio-80-exec-8] .s.r.w.a.BearerTokenAuthenticationFilter : Set SecurityContextHolder to JwtAuthenticationToken [Principal=org.springframework.security.oauth2.jwt.Jwt@aaf3823a, Credentials=[PROTECTED], Authenticated=true, Details=WebAuthenticationDetails [RemoteIpAddress=0:0:0:0:0:0:0:1, SessionId=null], Granted Authorities=[]]
2026-03-16T19:14:44.011-03:00 DEBUG 2512 --- [somnitide] [http-nio-80-exec-7] o.s.security.web.FilterChainProxy        : Secured GET /api/v1/sessions?limit=1
2026-03-16T19:14:44.011-03:00 DEBUG 2512 --- [somnitide] [http-nio-80-exec-8] o.s.security.web.FilterChainProxy        : Secured GET /api/v1/preferences
2026-03-16T19:14:45.631-03:00 DEBUG 2512 --- [somnitide] [http-nio-80-exec-9] o.s.security.web.FilterChainProxy        : Securing OPTIONS /api/v1/sessions?limit=10
2026-03-16T19:14:45.636-03:00 DEBUG 2512 --- [somnitide] [http-nio-80-exec-10] o.s.security.web.FilterChainProxy        : Securing GET /api/v1/sessions?limit=10
2026-03-16T19:14:45.645-03:00 DEBUG 2512 --- [somnitide] [http-nio-80-exec-10] o.s.s.o.s.r.a.JwtAuthenticationProvider  : Authenticated token
2026-03-16T19:14:45.647-03:00 DEBUG 2512 --- [somnitide] [http-nio-80-exec-10] .s.r.w.a.BearerTokenAuthenticationFilter : Set SecurityContextHolder to JwtAuthenticationToken [Principal=org.springframework.security.oauth2.jwt.Jwt@aaf3823a, Credentials=[PROTECTED], Authenticated=true, Details=WebAuthenticationDetails [RemoteIpAddress=0:0:0:0:0:0:0:1, SessionId=null], Granted Authorities=[]]
2026-03-16T19:14:45.650-03:00 DEBUG 2512 --- [somnitide] [http-nio-80-exec-10] o.s.security.web.FilterChainProxy        : Secured GET /api/v1/sessions?limit=10
2026-03-16T19:14:47.124-03:00 DEBUG 2512 --- [somnitide] [http-nio-80-exec-2] o.s.security.web.FilterChainProxy        : Securing OPTIONS /api/v1/sessions?limit=50
2026-03-16T19:14:47.134-03:00 DEBUG 2512 --- [somnitide] [http-nio-80-exec-1] o.s.security.web.FilterChainProxy        : Securing GET /api/v1/sessions?limit=50
2026-03-16T19:14:47.143-03:00 DEBUG 2512 --- [somnitide] [http-nio-80-exec-1] o.s.s.o.s.r.a.JwtAuthenticationProvider  : Authenticated token
2026-03-16T19:14:47.146-03:00 DEBUG 2512 --- [somnitide] [http-nio-80-exec-1] .s.r.w.a.BearerTokenAuthenticationFilter : Set SecurityContextHolder to JwtAuthenticationToken [Principal=org.springframework.security.oauth2.jwt.Jwt@aaf3823a, Credentials=[PROTECTED], Authenticated=true, Details=WebAuthenticationDetails [RemoteIpAddress=0:0:0:0:0:0:0:1, SessionId=null], Granted Authorities=[]]
2026-03-16T19:14:47.149-03:00 DEBUG 2512 --- [somnitide] [http-nio-80-exec-1] o.s.security.web.FilterChainProxy        : Secured GET /api/v1/sessions?limit=50
2026-03-16T19:14:48.137-03:00 DEBUG 2512 --- [somnitide] [http-nio-80-exec-4] o.s.security.web.FilterChainProxy        : Securing OPTIONS /api/v1/me/progress?days=7
2026-03-16T19:14:48.146-03:00 DEBUG 2512 --- [somnitide] [http-nio-80-exec-3] o.s.security.web.FilterChainProxy        : Securing GET /api/v1/me/progress?days=7
2026-03-16T19:14:48.158-03:00 DEBUG 2512 --- [somnitide] [http-nio-80-exec-3] o.s.s.o.s.r.a.JwtAuthenticationProvider  : Authenticated token
2026-03-16T19:14:48.161-03:00 DEBUG 2512 --- [somnitide] [http-nio-80-exec-3] .s.r.w.a.BearerTokenAuthenticationFilter : Set SecurityContextHolder to JwtAuthenticationToken [Principal=org.springframework.security.oauth2.jwt.Jwt@aaf3823a, Credentials=[PROTECTED], Authenticated=true, Details=WebAuthenticationDetails [RemoteIpAddress=0:0:0:0:0:0:0:1, SessionId=null], Granted Authorities=[]]
2026-03-16T19:14:48.164-03:00 DEBUG 2512 --- [somnitide] [http-nio-80-exec-3] o.s.security.web.FilterChainProxy        : Secured GET /api/v1/me/progress?days=7
2026-03-16T19:14:49.898-03:00 DEBUG 2512 --- [somnitide] [http-nio-80-exec-6] o.s.security.web.FilterChainProxy        : Securing OPTIONS /api/v1/ranking
2026-03-16T19:14:49.912-03:00 DEBUG 2512 --- [somnitide] [http-nio-80-exec-5] o.s.security.web.FilterChainProxy        : Securing GET /api/v1/ranking
2026-03-16T19:14:49.922-03:00 DEBUG 2512 --- [somnitide] [http-nio-80-exec-5] o.s.s.o.s.r.a.JwtAuthenticationProvider  : Authenticated token
2026-03-16T19:14:49.924-03:00 DEBUG 2512 --- [somnitide] [http-nio-80-exec-5] .s.r.w.a.BearerTokenAuthenticationFilter : Set SecurityContextHolder to JwtAuthenticationToken [Principal=org.springframework.security.oauth2.jwt.Jwt@aaf3823a, Credentials=[PROTECTED], Authenticated=true, Details=WebAuthenticationDetails [RemoteIpAddress=0:0:0:0:0:0:0:1, SessionId=null], Granted Authorities=[]]
2026-03-16T19:14:49.929-03:00 DEBUG 2512 --- [somnitide] [http-nio-80-exec-5] o.s.security.web.FilterChainProxy        : Secured GET /api/v1/ranking
2026-03-16T19:14:51.121-03:00 DEBUG 2512 --- [somnitide] [http-nio-80-exec-8] o.s.security.web.FilterChainProxy        : Securing OPTIONS /api/v1/ranking/profile/chico
2026-03-16T19:14:51.132-03:00 DEBUG 2512 --- [somnitide] [http-nio-80-exec-7] o.s.security.web.FilterChainProxy        : Securing GET /api/v1/ranking/profile/chico
2026-03-16T19:14:51.140-03:00 DEBUG 2512 --- [somnitide] [http-nio-80-exec-7] o.s.s.o.s.r.a.JwtAuthenticationProvider  : Authenticated token
2026-03-16T19:14:51.147-03:00 DEBUG 2512 --- [somnitide] [http-nio-80-exec-7] .s.r.w.a.BearerTokenAuthenticationFilter : Set SecurityContextHolder to JwtAuthenticationToken [Principal=org.springframework.security.oauth2.jwt.Jwt@aaf3823a, Credentials=[PROTECTED], Authenticated=true, Details=WebAuthenticationDetails [RemoteIpAddress=0:0:0:0:0:0:0:1, SessionId=null], Granted Authorities=[]]
2026-03-16T19:14:51.152-03:00 DEBUG 2512 --- [somnitide] [http-nio-80-exec-7] o.s.security.web.FilterChainProxy        : Secured GET /api/v1/ranking/profile/chico
2026-03-16T19:15:00.719-03:00 DEBUG 2512 --- [somnitide] [http-nio-80-exec-9] o.s.security.web.FilterChainProxy        : Securing OPTIONS /api/v1/ranking
2026-03-16T19:15:00.724-03:00 DEBUG 2512 --- [somnitide] [http-nio-80-exec-10] o.s.security.web.FilterChainProxy        : Securing GET /api/v1/ranking
2026-03-16T19:15:00.728-03:00 DEBUG 2512 --- [somnitide] [http-nio-80-exec-10] o.s.s.o.s.r.a.JwtAuthenticationProvider  : Authenticated token
2026-03-16T19:15:00.729-03:00 DEBUG 2512 --- [somnitide] [http-nio-80-exec-10] .s.r.w.a.BearerTokenAuthenticationFilter : Set SecurityContextHolder to JwtAuthenticationToken [Principal=org.springframework.security.oauth2.jwt.Jwt@aaf3823a, Credentials=[PROTECTED], Authenticated=true, Details=WebAuthenticationDetails [RemoteIpAddress=0:0:0:0:0:0:0:1, SessionId=null], Granted Authorities=[]]
2026-03-16T19:15:00.730-03:00 DEBUG 2512 --- [somnitide] [http-nio-80-exec-10] o.s.security.web.FilterChainProxy        : Secured GET /api/v1/ranking
2026-03-16T19:15:03.538-03:00 DEBUG 2512 --- [somnitide] [http-nio-80-exec-2] o.s.security.web.FilterChainProxy        : Securing OPTIONS /api/v1/ranking/profile/pulosvittor
2026-03-16T19:15:03.542-03:00 DEBUG 2512 --- [somnitide] [http-nio-80-exec-1] o.s.security.web.FilterChainProxy        : Securing GET /api/v1/ranking/profile/pulosvittor
2026-03-16T19:15:03.544-03:00 DEBUG 2512 --- [somnitide] [http-nio-80-exec-1] o.s.s.o.s.r.a.JwtAuthenticationProvider  : Authenticated token
2026-03-16T19:15:03.545-03:00 DEBUG 2512 --- [somnitide] [http-nio-80-exec-1] .s.r.w.a.BearerTokenAuthenticationFilter : Set SecurityContextHolder to JwtAuthenticationToken [Principal=org.springframework.security.oauth2.jwt.Jwt@aaf3823a, Credentials=[PROTECTED], Authenticated=true, Details=WebAuthenticationDetails [RemoteIpAddress=0:0:0:0:0:0:0:1, SessionId=null], Granted Authorities=[]]
2026-03-16T19:15:03.545-03:00 DEBUG 2512 --- [somnitide] [http-nio-80-exec-1] o.s.security.web.FilterChainProxy        : Secured GET /api/v1/ranking/profile/pulosvittor
2026-03-16T19:15:06.021-03:00 DEBUG 2512 --- [somnitide] [http-nio-80-exec-4] o.s.security.web.FilterChainProxy        : Securing OPTIONS /api/v1/ranking
2026-03-16T19:15:06.025-03:00 DEBUG 2512 --- [somnitide] [http-nio-80-exec-3] o.s.security.web.FilterChainProxy        : Securing GET /api/v1/ranking
2026-03-16T19:15:06.028-03:00 DEBUG 2512 --- [somnitide] [http-nio-80-exec-3] o.s.s.o.s.r.a.JwtAuthenticationProvider  : Authenticated token
2026-03-16T19:15:06.029-03:00 DEBUG 2512 --- [somnitide] [http-nio-80-exec-3] .s.r.w.a.BearerTokenAuthenticationFilter : Set SecurityContextHolder to JwtAuthenticationToken [Principal=org.springframework.security.oauth2.jwt.Jwt@aaf3823a, Credentials=[PROTECTED], Authenticated=true, Details=WebAuthenticationDetails [RemoteIpAddress=0:0:0:0:0:0:0:1, SessionId=null], Granted Authorities=[]]
2026-03-16T19:15:06.030-03:00 DEBUG 2512 --- [somnitide] [http-nio-80-exec-3] o.s.security.web.FilterChainProxy        : Secured GET /api/v1/ranking
2026-03-16T19:15:11.343-03:00 DEBUG 2512 --- [somnitide] [http-nio-80-exec-6] o.s.security.web.FilterChainProxy        : Securing OPTIONS /api/v1/ranking/profile/chico
2026-03-16T19:15:11.347-03:00 DEBUG 2512 --- [somnitide] [http-nio-80-exec-5] o.s.security.web.FilterChainProxy        : Securing GET /api/v1/ranking/profile/chico
2026-03-16T19:15:11.349-03:00 DEBUG 2512 --- [somnitide] [http-nio-80-exec-5] o.s.s.o.s.r.a.JwtAuthenticationProvider  : Authenticated token
2026-03-16T19:15:11.350-03:00 DEBUG 2512 --- [somnitide] [http-nio-80-exec-5] .s.r.w.a.BearerTokenAuthenticationFilter : Set SecurityContextHolder to JwtAuthenticationToken [Principal=org.springframework.security.oauth2.jwt.Jwt@aaf3823a, Credentials=[PROTECTED], Authenticated=true, Details=WebAuthenticationDetails [RemoteIpAddress=0:0:0:0:0:0:0:1, SessionId=null], Granted Authorities=[]]
2026-03-16T19:15:11.351-03:00 DEBUG 2512 --- [somnitide] [http-nio-80-exec-5] o.s.security.web.FilterChainProxy        : Secured GET /api/v1/ranking/profile/chico
2026-03-16T19:16:39.257-03:00 DEBUG 2512 --- [somnitide] [http-nio-80-exec-9] o.s.security.web.FilterChainProxy        : Securing OPTIONS /api/v1/ranking
2026-03-16T19:16:39.260-03:00 DEBUG 2512 --- [somnitide] [http-nio-80-exec-10] o.s.security.web.FilterChainProxy        : Securing GET /api/v1/ranking
2026-03-16T19:16:39.264-03:00 DEBUG 2512 --- [somnitide] [http-nio-80-exec-10] o.s.s.o.s.r.a.JwtAuthenticationProvider  : Authenticated token
2026-03-16T19:16:39.265-03:00 DEBUG 2512 --- [somnitide] [http-nio-80-exec-10] .s.r.w.a.BearerTokenAuthenticationFilter : Set SecurityContextHolder to JwtAuthenticationToken [Principal=org.springframework.security.oauth2.jwt.Jwt@aaf3823a, Credentials=[PROTECTED], Authenticated=true, Details=WebAuthenticationDetails [RemoteIpAddress=0:0:0:0:0:0:0:1, SessionId=null], Granted Authorities=[]]
2026-03-16T19:16:39.266-03:00 DEBUG 2512 --- [somnitide] [http-nio-80-exec-10] o.s.security.web.FilterChainProxy        : Secured GET /api/v1/ranking
2026-03-16T19:16:42.176-03:00 DEBUG 2512 --- [somnitide] [http-nio-80-exec-2] o.s.security.web.FilterChainProxy        : Securing OPTIONS /api/v1/ranking/profile/luizgustavolab
2026-03-16T19:16:42.179-03:00 DEBUG 2512 --- [somnitide] [http-nio-80-exec-1] o.s.security.web.FilterChainProxy        : Securing GET /api/v1/ranking/profile/luizgustavolab
2026-03-16T19:16:42.182-03:00 DEBUG 2512 --- [somnitide] [http-nio-80-exec-1] o.s.s.o.s.r.a.JwtAuthenticationProvider  : Authenticated token
2026-03-16T19:16:42.182-03:00 DEBUG 2512 --- [somnitide] [http-nio-80-exec-1] .s.r.w.a.BearerTokenAuthenticationFilter : Set SecurityContextHolder to JwtAuthenticationToken [Principal=org.springframework.security.oauth2.jwt.Jwt@aaf3823a, Credentials=[PROTECTED], Authenticated=true, Details=WebAuthenticationDetails [RemoteIpAddress=0:0:0:0:0:0:0:1, SessionId=null], Granted Authorities=[]]
2026-03-16T19:16:42.183-03:00 DEBUG 2512 --- [somnitide] [http-nio-80-exec-1] o.s.security.web.FilterChainProxy        : Secured GET /api/v1/ranking/profile/luizgustavolab
2026-03-16T19:16:48.464-03:00 DEBUG 2512 --- [somnitide] [http-nio-80-exec-4] o.s.security.web.FilterChainProxy        : Securing OPTIONS /api/v1/ranking
2026-03-16T19:16:48.467-03:00 DEBUG 2512 --- [somnitide] [http-nio-80-exec-3] o.s.security.web.FilterChainProxy        : Securing GET /api/v1/ranking
2026-03-16T19:16:48.470-03:00 DEBUG 2512 --- [somnitide] [http-nio-80-exec-3] o.s.s.o.s.r.a.JwtAuthenticationProvider  : Authenticated token
2026-03-16T19:16:48.471-03:00 DEBUG 2512 --- [somnitide] [http-nio-80-exec-3] .s.r.w.a.BearerTokenAuthenticationFilter : Set SecurityContextHolder to JwtAuthenticationToken [Principal=org.springframework.security.oauth2.jwt.Jwt@aaf3823a, Credentials=[PROTECTED], Authenticated=true, Details=WebAuthenticationDetails [RemoteIpAddress=0:0:0:0:0:0:0:1, SessionId=null], Granted Authorities=[]]
2026-03-16T19:16:48.473-03:00 DEBUG 2512 --- [somnitide] [http-nio-80-exec-3] o.s.security.web.FilterChainProxy        : Secured GET /api/v1/ranking
2026-03-16T19:16:50.130-03:00 DEBUG 2512 --- [somnitide] [http-nio-80-exec-6] o.s.security.web.FilterChainProxy        : Securing OPTIONS /api/v1/ranking/profile/pulosvittor
2026-03-16T19:16:50.135-03:00 DEBUG 2512 --- [somnitide] [http-nio-80-exec-5] o.s.security.web.FilterChainProxy        : Securing GET /api/v1/ranking/profile/pulosvittor
2026-03-16T19:16:50.140-03:00 DEBUG 2512 --- [somnitide] [http-nio-80-exec-5] o.s.s.o.s.r.a.JwtAuthenticationProvider  : Authenticated token
2026-03-16T19:16:50.141-03:00 DEBUG 2512 --- [somnitide] [http-nio-80-exec-5] .s.r.w.a.BearerTokenAuthenticationFilter : Set SecurityContextHolder to JwtAuthenticationToken [Principal=org.springframework.security.oauth2.jwt.Jwt@aaf3823a, Credentials=[PROTECTED], Authenticated=true, Details=WebAuthenticationDetails [RemoteIpAddress=0:0:0:0:0:0:0:1, SessionId=null], Granted Authorities=[]]
2026-03-16T19:16:50.142-03:00 DEBUG 2512 --- [somnitide] [http-nio-80-exec-5] o.s.security.web.FilterChainProxy        : Secured GET /api/v1/ranking/profile/pulosvittor
2026-03-16T19:16:54.192-03:00 DEBUG 2512 --- [somnitide] [http-nio-80-exec-8] o.s.security.web.FilterChainProxy        : Securing OPTIONS /api/v1/ranking
2026-03-16T19:16:54.197-03:00 DEBUG 2512 --- [somnitide] [http-nio-80-exec-7] o.s.security.web.FilterChainProxy        : Securing GET /api/v1/ranking
2026-03-16T19:16:54.200-03:00 DEBUG 2512 --- [somnitide] [http-nio-80-exec-7] o.s.s.o.s.r.a.JwtAuthenticationProvider  : Authenticated token
2026-03-16T19:16:54.201-03:00 DEBUG 2512 --- [somnitide] [http-nio-80-exec-7] .s.r.w.a.BearerTokenAuthenticationFilter : Set SecurityContextHolder to JwtAuthenticationToken [Principal=org.springframework.security.oauth2.jwt.Jwt@aaf3823a, Credentials=[PROTECTED], Authenticated=true, Details=WebAuthenticationDetails [RemoteIpAddress=0:0:0:0:0:0:0:1, SessionId=null], Granted Authorities=[]]
2026-03-16T19:16:54.201-03:00 DEBUG 2512 --- [somnitide] [http-nio-80-exec-7] o.s.security.web.FilterChainProxy        : Secured GET /api/v1/ranking
2026-03-16T19:16:55.280-03:00 DEBUG 2512 --- [somnitide] [http-nio-80-exec-9] o.s.security.web.FilterChainProxy        : Securing OPTIONS /api/v1/ranking/profile/chico
2026-03-16T19:16:55.284-03:00 DEBUG 2512 --- [somnitide] [http-nio-80-exec-10] o.s.security.web.FilterChainProxy        : Securing GET /api/v1/ranking/profile/chico
2026-03-16T19:16:55.284-03:00 DEBUG 2512 --- [somnitide] [http-nio-80-exec-10] o.s.s.o.s.r.a.JwtAuthenticationProvider  : Authenticated token
2026-03-16T19:16:55.284-03:00 DEBUG 2512 --- [somnitide] [http-nio-80-exec-10] .s.r.w.a.BearerTokenAuthenticationFilter : Set SecurityContextHolder to JwtAuthenticationToken [Principal=org.springframework.security.oauth2.jwt.Jwt@aaf3823a, Credentials=[PROTECTED], Authenticated=true, Details=WebAuthenticationDetails [RemoteIpAddress=0:0:0:0:0:0:0:1, SessionId=null], Granted Authorities=[]]
2026-03-16T19:16:55.289-03:00 DEBUG 2512 --- [somnitide] [http-nio-80-exec-10] o.s.security.web.FilterChainProxy        : Secured GET /api/v1/ranking/profile/chico
2026-03-16T19:16:59.702-03:00 DEBUG 2512 --- [somnitide] [http-nio-80-exec-2] o.s.security.web.FilterChainProxy        : Securing OPTIONS /api/v1/ranking
2026-03-16T19:16:59.706-03:00 DEBUG 2512 --- [somnitide] [http-nio-80-exec-1] o.s.security.web.FilterChainProxy        : Securing GET /api/v1/ranking
2026-03-16T19:16:59.709-03:00 DEBUG 2512 --- [somnitide] [http-nio-80-exec-1] o.s.s.o.s.r.a.JwtAuthenticationProvider  : Authenticated token
2026-03-16T19:16:59.710-03:00 DEBUG 2512 --- [somnitide] [http-nio-80-exec-1] .s.r.w.a.BearerTokenAuthenticationFilter : Set SecurityContextHolder to JwtAuthenticationToken [Principal=org.springframework.security.oauth2.jwt.Jwt@aaf3823a, Credentials=[PROTECTED], Authenticated=true, Details=WebAuthenticationDetails [RemoteIpAddress=0:0:0:0:0:0:0:1, SessionId=null], Granted Authorities=[]]
2026-03-16T19:16:59.711-03:00 DEBUG 2512 --- [somnitide] [http-nio-80-exec-1] o.s.security.web.FilterChainProxy        : Secured GET /api/v1/ranking
2026-03-16T19:17:03.423-03:00 DEBUG 2512 --- [somnitide] [http-nio-80-exec-4] o.s.security.web.FilterChainProxy        : Securing OPTIONS /api/v1/ranking/profile/chico
2026-03-16T19:17:03.426-03:00 DEBUG 2512 --- [somnitide] [http-nio-80-exec-3] o.s.security.web.FilterChainProxy        : Securing GET /api/v1/ranking/profile/chico
2026-03-16T19:17:03.429-03:00 DEBUG 2512 --- [somnitide] [http-nio-80-exec-3] o.s.s.o.s.r.a.JwtAuthenticationProvider  : Authenticated token
2026-03-16T19:17:03.429-03:00 DEBUG 2512 --- [somnitide] [http-nio-80-exec-3] .s.r.w.a.BearerTokenAuthenticationFilter : Set SecurityContextHolder to JwtAuthenticationToken [Principal=org.springframework.security.oauth2.jwt.Jwt@aaf3823a, Credentials=[PROTECTED], Authenticated=true, Details=WebAuthenticationDetails [RemoteIpAddress=0:0:0:0:0:0:0:1, SessionId=null], Granted Authorities=[]]
2026-03-16T19:17:03.430-03:00 DEBUG 2512 --- [somnitide] [http-nio-80-exec-3] o.s.security.web.FilterChainProxy        : Secured GET /api/v1/ranking/profile/chico
2026-03-16T19:17:13.501-03:00 DEBUG 2512 --- [somnitide] [http-nio-80-exec-6] o.s.security.web.FilterChainProxy        : Securing OPTIONS /api/v1/ranking
2026-03-16T19:17:13.505-03:00 DEBUG 2512 --- [somnitide] [http-nio-80-exec-5] o.s.security.web.FilterChainProxy        : Securing GET /api/v1/ranking
2026-03-16T19:17:13.509-03:00 DEBUG 2512 --- [somnitide] [http-nio-80-exec-5] o.s.s.o.s.r.a.JwtAuthenticationProvider  : Authenticated token
2026-03-16T19:17:13.509-03:00 DEBUG 2512 --- [somnitide] [http-nio-80-exec-5] .s.r.w.a.BearerTokenAuthenticationFilter : Set SecurityContextHolder to JwtAuthenticationToken [Principal=org.springframework.security.oauth2.jwt.Jwt@aaf3823a, Credentials=[PROTECTED], Authenticated=true, Details=WebAuthenticationDetails [RemoteIpAddress=0:0:0:0:0:0:0:1, SessionId=null], Granted Authorities=[]]
2026-03-16T19:17:13.510-03:00 DEBUG 2512 --- [somnitide] [http-nio-80-exec-5] o.s.security.web.FilterChainProxy        : Secured GET /api/v1/ranking
2026-03-16T19:17:14.277-03:00 DEBUG 2512 --- [somnitide] [http-nio-80-exec-8] o.s.security.web.FilterChainProxy        : Securing OPTIONS /api/v1/ranking/profile/pulosvittor
2026-03-16T19:17:14.281-03:00 DEBUG 2512 --- [somnitide] [http-nio-80-exec-7] o.s.security.web.FilterChainProxy        : Securing GET /api/v1/ranking/profile/pulosvittor
2026-03-16T19:17:14.284-03:00 DEBUG 2512 --- [somnitide] [http-nio-80-exec-7] o.s.s.o.s.r.a.JwtAuthenticationProvider  : Authenticated token
2026-03-16T19:17:14.285-03:00 DEBUG 2512 --- [somnitide] [http-nio-80-exec-7] .s.r.w.a.BearerTokenAuthenticationFilter : Set SecurityContextHolder to JwtAuthenticationToken [Principal=org.springframework.security.oauth2.jwt.Jwt@aaf3823a, Credentials=[PROTECTED], Authenticated=true, Details=WebAuthenticationDetails [RemoteIpAddress=0:0:0:0:0:0:0:1, SessionId=null], Granted Authorities=[]]
2026-03-16T19:17:14.285-03:00 DEBUG 2512 --- [somnitide] [http-nio-80-exec-7] o.s.security.web.FilterChainProxy        : Secured GET /api/v1/ranking/profile/pulosvittor
2026-03-16T19:17:18.562-03:00 DEBUG 2512 --- [somnitide] [http-nio-80-exec-9] o.s.security.web.FilterChainProxy        : Securing OPTIONS /api/v1/ranking
2026-03-16T19:17:18.566-03:00 DEBUG 2512 --- [somnitide] [http-nio-80-exec-10] o.s.security.web.FilterChainProxy        : Securing GET /api/v1/ranking
2026-03-16T19:17:18.569-03:00 DEBUG 2512 --- [somnitide] [http-nio-80-exec-10] o.s.s.o.s.r.a.JwtAuthenticationProvider  : Authenticated token
2026-03-16T19:17:18.570-03:00 DEBUG 2512 --- [somnitide] [http-nio-80-exec-10] .s.r.w.a.BearerTokenAuthenticationFilter : Set SecurityContextHolder to JwtAuthenticationToken [Principal=org.springframework.security.oauth2.jwt.Jwt@aaf3823a, Credentials=[PROTECTED], Authenticated=true, Details=WebAuthenticationDetails [RemoteIpAddress=0:0:0:0:0:0:0:1, SessionId=null], Granted Authorities=[]]
2026-03-16T19:17:18.571-03:00 DEBUG 2512 --- [somnitide] [http-nio-80-exec-10] o.s.security.web.FilterChainProxy        : Secured GET /api/v1/ranking
2026-03-16T19:17:19.342-03:00 DEBUG 2512 --- [somnitide] [http-nio-80-exec-2] o.s.security.web.FilterChainProxy        : Securing OPTIONS /api/v1/ranking/profile/ADMIN
2026-03-16T19:17:19.346-03:00 DEBUG 2512 --- [somnitide] [http-nio-80-exec-1] o.s.security.web.FilterChainProxy        : Securing GET /api/v1/ranking/profile/ADMIN
2026-03-16T19:17:19.348-03:00 DEBUG 2512 --- [somnitide] [http-nio-80-exec-1] o.s.s.o.s.r.a.JwtAuthenticationProvider  : Authenticated token
2026-03-16T19:17:19.348-03:00 DEBUG 2512 --- [somnitide] [http-nio-80-exec-1] .s.r.w.a.BearerTokenAuthenticationFilter : Set SecurityContextHolder to JwtAuthenticationToken [Principal=org.springframework.security.oauth2.jwt.Jwt@aaf3823a, Credentials=[PROTECTED], Authenticated=true, Details=WebAuthenticationDetails [RemoteIpAddress=0:0:0:0:0:0:0:1, SessionId=null], Granted Authorities=[]]
2026-03-16T19:17:19.348-03:00 DEBUG 2512 --- [somnitide] [http-nio-80-exec-1] o.s.security.web.FilterChainProxy        : Secured GET /api/v1/ranking/profile/ADMIN
2026-03-16T19:17:27.241-03:00 DEBUG 2512 --- [somnitide] [http-nio-80-exec-4] o.s.security.web.FilterChainProxy        : Securing OPTIONS /api/v1/sessions?limit=1
2026-03-16T19:17:27.242-03:00 DEBUG 2512 --- [somnitide] [http-nio-80-exec-3] o.s.security.web.FilterChainProxy        : Securing OPTIONS /api/v1/preferences
2026-03-16T19:17:27.243-03:00 DEBUG 2512 --- [somnitide] [http-nio-80-exec-6] o.s.security.web.FilterChainProxy        : Securing GET /api/v1/sessions?limit=1
2026-03-16T19:17:27.245-03:00 DEBUG 2512 --- [somnitide] [http-nio-80-exec-5] o.s.security.web.FilterChainProxy        : Securing GET /api/v1/preferences
2026-03-16T19:17:27.247-03:00 DEBUG 2512 --- [somnitide] [http-nio-80-exec-6] o.s.s.o.s.r.a.JwtAuthenticationProvider  : Authenticated token
2026-03-16T19:17:27.248-03:00 DEBUG 2512 --- [somnitide] [http-nio-80-exec-6] .s.r.w.a.BearerTokenAuthenticationFilter : Set SecurityContextHolder to JwtAuthenticationToken [Principal=org.springframework.security.oauth2.jwt.Jwt@aaf3823a, Credentials=[PROTECTED], Authenticated=true, Details=WebAuthenticationDetails [RemoteIpAddress=0:0:0:0:0:0:0:1, SessionId=null], Granted Authorities=[]]
2026-03-16T19:17:27.248-03:00 DEBUG 2512 --- [somnitide] [http-nio-80-exec-6] o.s.security.web.FilterChainProxy        : Secured GET /api/v1/sessions?limit=1
2026-03-16T19:17:27.249-03:00 DEBUG 2512 --- [somnitide] [http-nio-80-exec-5] o.s.s.o.s.r.a.JwtAuthenticationProvider  : Authenticated token
2026-03-16T19:17:27.249-03:00 DEBUG 2512 --- [somnitide] [http-nio-80-exec-5] .s.r.w.a.BearerTokenAuthenticationFilter : Set SecurityContextHolder to JwtAuthenticationToken [Principal=org.springframework.security.oauth2.jwt.Jwt@aaf3823a, Credentials=[PROTECTED], Authenticated=true, Details=WebAuthenticationDetails [RemoteIpAddress=0:0:0:0:0:0:0:1, SessionId=null], Granted Authorities=[]]
2026-03-16T19:17:27.250-03:00 DEBUG 2512 --- [somnitide] [http-nio-80-exec-5] o.s.security.web.FilterChainProxy        : Secured GET /api/v1/preferences
2026-03-16T19:18:24.595-03:00 DEBUG 2512 --- [somnitide] [http-nio-80-exec-8] o.s.security.web.FilterChainProxy        : Securing OPTIONS /api/v1/sessions?limit=1
2026-03-16T19:18:24.595-03:00 DEBUG 2512 --- [somnitide] [http-nio-80-exec-7] o.s.security.web.FilterChainProxy        : Securing OPTIONS /api/v1/preferences
2026-03-16T19:18:24.599-03:00 DEBUG 2512 --- [somnitide] [http-nio-80-exec-10] o.s.security.web.FilterChainProxy        : Securing GET /api/v1/sessions?limit=1
2026-03-16T19:18:24.599-03:00 DEBUG 2512 --- [somnitide] [http-nio-80-exec-9] o.s.security.web.FilterChainProxy        : Securing GET /api/v1/preferences
2026-03-16T19:18:24.603-03:00 DEBUG 2512 --- [somnitide] [http-nio-80-exec-10] o.s.s.o.s.r.a.JwtAuthenticationProvider  : Authenticated token
2026-03-16T19:18:24.603-03:00 DEBUG 2512 --- [somnitide] [http-nio-80-exec-9] o.s.s.o.s.r.a.JwtAuthenticationProvider  : Authenticated token
2026-03-16T19:18:24.604-03:00 DEBUG 2512 --- [somnitide] [http-nio-80-exec-10] .s.r.w.a.BearerTokenAuthenticationFilter : Set SecurityContextHolder to JwtAuthenticationToken [Principal=org.springframework.security.oauth2.jwt.Jwt@be75a69c, Credentials=[PROTECTED], Authenticated=true, Details=WebAuthenticationDetails [RemoteIpAddress=0:0:0:0:0:0:0:1, SessionId=null], Granted Authorities=[]]
2026-03-16T19:18:24.604-03:00 DEBUG 2512 --- [somnitide] [http-nio-80-exec-9] .s.r.w.a.BearerTokenAuthenticationFilter : Set SecurityContextHolder to JwtAuthenticationToken [Principal=org.springframework.security.oauth2.jwt.Jwt@be75a69c, Credentials=[PROTECTED], Authenticated=true, Details=WebAuthenticationDetails [RemoteIpAddress=0:0:0:0:0:0:0:1, SessionId=null], Granted Authorities=[]]
2026-03-16T19:18:24.605-03:00 DEBUG 2512 --- [somnitide] [http-nio-80-exec-10] o.s.security.web.FilterChainProxy        : Secured GET /api/v1/sessions?limit=1
2026-03-16T19:18:24.605-03:00 DEBUG 2512 --- [somnitide] [http-nio-80-exec-9] o.s.security.web.FilterChainProxy        : Secured GET /api/v1/preferences
2026-03-16T19:18:26.089-03:00 DEBUG 2512 --- [somnitide] [http-nio-80-exec-2] o.s.security.web.FilterChainProxy        : Securing OPTIONS /api/v1/ranking
2026-03-16T19:18:26.093-03:00 DEBUG 2512 --- [somnitide] [http-nio-80-exec-1] o.s.security.web.FilterChainProxy        : Securing GET /api/v1/ranking
2026-03-16T19:18:26.097-03:00 DEBUG 2512 --- [somnitide] [http-nio-80-exec-1] o.s.s.o.s.r.a.JwtAuthenticationProvider  : Authenticated token
2026-03-16T19:18:26.097-03:00 DEBUG 2512 --- [somnitide] [http-nio-80-exec-1] .s.r.w.a.BearerTokenAuthenticationFilter : Set SecurityContextHolder to JwtAuthenticationToken [Principal=org.springframework.security.oauth2.jwt.Jwt@be75a69c, Credentials=[PROTECTED], Authenticated=true, Details=WebAuthenticationDetails [RemoteIpAddress=0:0:0:0:0:0:0:1, SessionId=null], Granted Authorities=[]]
2026-03-16T19:18:26.098-03:00 DEBUG 2512 --- [somnitide] [http-nio-80-exec-1] o.s.security.web.FilterChainProxy        : Secured GET /api/v1/ranking
2026-03-16T19:18:27.018-03:00 DEBUG 2512 --- [somnitide] [http-nio-80-exec-4] o.s.security.web.FilterChainProxy        : Securing OPTIONS /api/v1/ranking/profile/chico
2026-03-16T19:18:27.021-03:00 DEBUG 2512 --- [somnitide] [http-nio-80-exec-3] o.s.security.web.FilterChainProxy        : Securing GET /api/v1/ranking/profile/chico
2026-03-16T19:18:27.025-03:00 DEBUG 2512 --- [somnitide] [http-nio-80-exec-3] o.s.s.o.s.r.a.JwtAuthenticationProvider  : Authenticated token
2026-03-16T19:18:27.025-03:00 DEBUG 2512 --- [somnitide] [http-nio-80-exec-3] .s.r.w.a.BearerTokenAuthenticationFilter : Set SecurityContextHolder to JwtAuthenticationToken [Principal=org.springframework.security.oauth2.jwt.Jwt@be75a69c, Credentials=[PROTECTED], Authenticated=true, Details=WebAuthenticationDetails [RemoteIpAddress=0:0:0:0:0:0:0:1, SessionId=null], Granted Authorities=[]]
2026-03-16T19:18:27.026-03:00 DEBUG 2512 --- [somnitide] [http-nio-80-exec-3] o.s.security.web.FilterChainProxy        : Secured GET /api/v1/ranking/profile/chico
2026-03-16T19:18:30.647-03:00 DEBUG 2512 --- [somnitide] [http-nio-80-exec-5] o.s.security.web.FilterChainProxy        : Securing GET /api/v1/ranking
2026-03-16T19:18:30.650-03:00 DEBUG 2512 --- [somnitide] [http-nio-80-exec-5] o.s.s.o.s.r.a.JwtAuthenticationProvider  : Authenticated token
2026-03-16T19:18:30.650-03:00 DEBUG 2512 --- [somnitide] [http-nio-80-exec-5] .s.r.w.a.BearerTokenAuthenticationFilter : Set SecurityContextHolder to JwtAuthenticationToken [Principal=org.springframework.security.oauth2.jwt.Jwt@be75a69c, Credentials=[PROTECTED], Authenticated=true, Details=WebAuthenticationDetails [RemoteIpAddress=0:0:0:0:0:0:0:1, SessionId=null], Granted Authorities=[]]
2026-03-16T19:18:30.651-03:00 DEBUG 2512 --- [somnitide] [http-nio-80-exec-5] o.s.security.web.FilterChainProxy        : Secured GET /api/v1/ranking
2026-03-16T19:18:31.820-03:00 DEBUG 2512 --- [somnitide] [http-nio-80-exec-6] o.s.security.web.FilterChainProxy        : Securing OPTIONS /api/v1/ranking/profile/pulosvittor
2026-03-16T19:18:31.823-03:00 DEBUG 2512 --- [somnitide] [http-nio-80-exec-7] o.s.security.web.FilterChainProxy        : Securing GET /api/v1/ranking/profile/pulosvittor
2026-03-16T19:18:31.823-03:00 DEBUG 2512 --- [somnitide] [http-nio-80-exec-7] o.s.s.o.s.r.a.JwtAuthenticationProvider  : Authenticated token
2026-03-16T19:18:31.823-03:00 DEBUG 2512 --- [somnitide] [http-nio-80-exec-7] .s.r.w.a.BearerTokenAuthenticationFilter : Set SecurityContextHolder to JwtAuthenticationToken [Principal=org.springframework.security.oauth2.jwt.Jwt@be75a69c, Credentials=[PROTECTED], Authenticated=true, Details=WebAuthenticationDetails [RemoteIpAddress=0:0:0:0:0:0:0:1, SessionId=null], Granted Authorities=[]]
2026-03-16T19:18:31.827-03:00 DEBUG 2512 --- [somnitide] [http-nio-80-exec-7] o.s.security.web.FilterChainProxy        : Secured GET /api/v1/ranking/profile/pulosvittor
2026-03-16T19:19:28.878-03:00 DEBUG 2512 --- [somnitide] [http-nio-80-exec-9] o.s.security.web.FilterChainProxy        : Securing OPTIONS /api/v1/ranking
2026-03-16T19:19:28.882-03:00 DEBUG 2512 --- [somnitide] [http-nio-80-exec-10] o.s.security.web.FilterChainProxy        : Securing GET /api/v1/ranking
2026-03-16T19:19:28.886-03:00 DEBUG 2512 --- [somnitide] [http-nio-80-exec-10] o.s.s.o.s.r.a.JwtAuthenticationProvider  : Authenticated token
2026-03-16T19:19:28.887-03:00 DEBUG 2512 --- [somnitide] [http-nio-80-exec-10] .s.r.w.a.BearerTokenAuthenticationFilter : Set SecurityContextHolder to JwtAuthenticationToken [Principal=org.springframework.security.oauth2.jwt.Jwt@be75a69c, Credentials=[PROTECTED], Authenticated=true, Details=WebAuthenticationDetails [RemoteIpAddress=0:0:0:0:0:0:0:1, SessionId=null], Granted Authorities=[]]
2026-03-16T19:19:28.888-03:00 DEBUG 2512 --- [somnitide] [http-nio-80-exec-10] o.s.security.web.FilterChainProxy        : Secured GET /api/v1/ranking
2026-03-16T19:19:29.746-03:00 DEBUG 2512 --- [somnitide] [http-nio-80-exec-2] o.s.security.web.FilterChainProxy        : Securing OPTIONS /api/v1/ranking/profile/chico
2026-03-16T19:19:29.749-03:00 DEBUG 2512 --- [somnitide] [http-nio-80-exec-1] o.s.security.web.FilterChainProxy        : Securing GET /api/v1/ranking/profile/chico
2026-03-16T19:19:29.752-03:00 DEBUG 2512 --- [somnitide] [http-nio-80-exec-1] o.s.s.o.s.r.a.JwtAuthenticationProvider  : Authenticated token
2026-03-16T19:19:29.753-03:00 DEBUG 2512 --- [somnitide] [http-nio-80-exec-1] .s.r.w.a.BearerTokenAuthenticationFilter : Set SecurityContextHolder to JwtAuthenticationToken [Principal=org.springframework.security.oauth2.jwt.Jwt@be75a69c, Credentials=[PROTECTED], Authenticated=true, Details=WebAuthenticationDetails [RemoteIpAddress=0:0:0:0:0:0:0:1, SessionId=null], Granted Authorities=[]]
2026-03-16T19:19:29.753-03:00 DEBUG 2512 --- [somnitide] [http-nio-80-exec-1] o.s.security.web.FilterChainProxy        : Secured GET /api/v1/ranking/profile/chico
2026-03-16T19:21:54.464-03:00 DEBUG 2512 --- [somnitide] [http-nio-80-exec-3] o.s.security.web.FilterChainProxy        : Securing OPTIONS /api/v1/ranking
2026-03-16T19:21:54.467-03:00 DEBUG 2512 --- [somnitide] [http-nio-80-exec-5] o.s.security.web.FilterChainProxy        : Securing GET /api/v1/ranking
2026-03-16T19:21:54.837-03:00 DEBUG 2512 --- [somnitide] [http-nio-80-exec-5] o.s.s.o.s.r.a.JwtAuthenticationProvider  : Authenticated token
2026-03-16T19:21:54.837-03:00 DEBUG 2512 --- [somnitide] [http-nio-80-exec-5] .s.r.w.a.BearerTokenAuthenticationFilter : Set SecurityContextHolder to JwtAuthenticationToken [Principal=org.springframework.security.oauth2.jwt.Jwt@be75a69c, Credentials=[PROTECTED], Authenticated=true, Details=WebAuthenticationDetails [RemoteIpAddress=0:0:0:0:0:0:0:1, SessionId=null], Granted Authorities=[]]
2026-03-16T19:21:54.837-03:00 DEBUG 2512 --- [somnitide] [http-nio-80-exec-5] o.s.security.web.FilterChainProxy        : Secured GET /api/v1/ranking
2026-03-16T19:21:55.990-03:00 DEBUG 2512 --- [somnitide] [http-nio-80-exec-6] o.s.security.web.FilterChainProxy        : Securing OPTIONS /api/v1/ranking/profile/pulosvittor
2026-03-16T19:21:55.993-03:00 DEBUG 2512 --- [somnitide] [http-nio-80-exec-7] o.s.security.web.FilterChainProxy        : Securing GET /api/v1/ranking/profile/pulosvittor
2026-03-16T19:21:55.996-03:00 DEBUG 2512 --- [somnitide] [http-nio-80-exec-7] o.s.s.o.s.r.a.JwtAuthenticationProvider  : Authenticated token
2026-03-16T19:21:55.997-03:00 DEBUG 2512 --- [somnitide] [http-nio-80-exec-7] .s.r.w.a.BearerTokenAuthenticationFilter : Set SecurityContextHolder to JwtAuthenticationToken [Principal=org.springframework.security.oauth2.jwt.Jwt@be75a69c, Credentials=[PROTECTED], Authenticated=true, Details=WebAuthenticationDetails [RemoteIpAddress=0:0:0:0:0:0:0:1, SessionId=null], Granted Authorities=[]]
2026-03-16T19:21:55.998-03:00 DEBUG 2512 --- [somnitide] [http-nio-80-exec-7] o.s.security.web.FilterChainProxy        : Secured GET /api/v1/ranking/profile/pulosvittor
2026-03-16T19:21:58.644-03:00 DEBUG 2512 --- [somnitide] [http-nio-80-exec-8] o.s.security.web.FilterChainProxy        : Securing GET /api/v1/ranking
2026-03-16T19:21:58.648-03:00 DEBUG 2512 --- [somnitide] [http-nio-80-exec-8] o.s.s.o.s.r.a.JwtAuthenticationProvider  : Authenticated token
2026-03-16T19:21:58.648-03:00 DEBUG 2512 --- [somnitide] [http-nio-80-exec-8] .s.r.w.a.BearerTokenAuthenticationFilter : Set SecurityContextHolder to JwtAuthenticationToken [Principal=org.springframework.security.oauth2.jwt.Jwt@be75a69c, Credentials=[PROTECTED], Authenticated=true, Details=WebAuthenticationDetails [RemoteIpAddress=0:0:0:0:0:0:0:1, SessionId=null], Granted Authorities=[]]
2026-03-16T19:21:58.650-03:00 DEBUG 2512 --- [somnitide] [http-nio-80-exec-8] o.s.security.web.FilterChainProxy        : Secured GET /api/v1/ranking
2026-03-16T19:21:59.359-03:00 DEBUG 2512 --- [somnitide] [http-nio-80-exec-9] o.s.security.web.FilterChainProxy        : Securing OPTIONS /api/v1/ranking/profile/ADMIN
2026-03-16T19:21:59.361-03:00 DEBUG 2512 --- [somnitide] [http-nio-80-exec-10] o.s.security.web.FilterChainProxy        : Securing GET /api/v1/ranking/profile/ADMIN
2026-03-16T19:21:59.363-03:00 DEBUG 2512 --- [somnitide] [http-nio-80-exec-10] o.s.s.o.s.r.a.JwtAuthenticationProvider  : Authenticated token
2026-03-16T19:21:59.363-03:00 DEBUG 2512 --- [somnitide] [http-nio-80-exec-10] .s.r.w.a.BearerTokenAuthenticationFilter : Set SecurityContextHolder to JwtAuthenticationToken [Principal=org.springframework.security.oauth2.jwt.Jwt@be75a69c, Credentials=[PROTECTED], Authenticated=true, Details=WebAuthenticationDetails [RemoteIpAddress=0:0:0:0:0:0:0:1, SessionId=null], Granted Authorities=[]]
2026-03-16T19:21:59.363-03:00 DEBUG 2512 --- [somnitide] [http-nio-80-exec-10] o.s.security.web.FilterChainProxy        : Secured GET /api/v1/ranking/profile/ADMIN
2026-03-16T19:22:01.434-03:00 DEBUG 2512 --- [somnitide] [http-nio-80-exec-2] o.s.security.web.FilterChainProxy        : Securing OPTIONS /api/v1/ranking
2026-03-16T19:22:01.437-03:00 DEBUG 2512 --- [somnitide] [http-nio-80-exec-1] o.s.security.web.FilterChainProxy        : Securing GET /api/v1/ranking
2026-03-16T19:22:01.440-03:00 DEBUG 2512 --- [somnitide] [http-nio-80-exec-1] o.s.s.o.s.r.a.JwtAuthenticationProvider  : Authenticated token
2026-03-16T19:22:01.440-03:00 DEBUG 2512 --- [somnitide] [http-nio-80-exec-1] .s.r.w.a.BearerTokenAuthenticationFilter : Set SecurityContextHolder to JwtAuthenticationToken [Principal=org.springframework.security.oauth2.jwt.Jwt@be75a69c, Credentials=[PROTECTED], Authenticated=true, Details=WebAuthenticationDetails [RemoteIpAddress=0:0:0:0:0:0:0:1, SessionId=null], Granted Authorities=[]]
2026-03-16T19:22:01.441-03:00 DEBUG 2512 --- [somnitide] [http-nio-80-exec-1] o.s.security.web.FilterChainProxy        : Secured GET /api/v1/ranking
2026-03-16T19:22:02.365-03:00 DEBUG 2512 --- [somnitide] [http-nio-80-exec-4] o.s.security.web.FilterChainProxy        : Securing OPTIONS /api/v1/ranking/profile/chico
2026-03-16T19:22:02.368-03:00 DEBUG 2512 --- [somnitide] [http-nio-80-exec-3] o.s.security.web.FilterChainProxy        : Securing GET /api/v1/ranking/profile/chico
2026-03-16T19:22:02.370-03:00 DEBUG 2512 --- [somnitide] [http-nio-80-exec-3] o.s.s.o.s.r.a.JwtAuthenticationProvider  : Authenticated token
2026-03-16T19:22:02.370-03:00 DEBUG 2512 --- [somnitide] [http-nio-80-exec-3] .s.r.w.a.BearerTokenAuthenticationFilter : Set SecurityContextHolder to JwtAuthenticationToken [Principal=org.springframework.security.oauth2.jwt.Jwt@be75a69c, Credentials=[PROTECTED], Authenticated=true, Details=WebAuthenticationDetails [RemoteIpAddress=0:0:0:0:0:0:0:1, SessionId=null], Granted Authorities=[]]
2026-03-16T19:22:02.371-03:00 DEBUG 2512 --- [somnitide] [http-nio-80-exec-3] o.s.security.web.FilterChainProxy        : Secured GET /api/v1/ranking/profile/chico
2026-03-16T19:22:56.979-03:00 DEBUG 2512 --- [somnitide] [http-nio-80-exec-6] o.s.security.web.FilterChainProxy        : Securing OPTIONS /api/v1/ranking
2026-03-16T19:22:56.982-03:00 DEBUG 2512 --- [somnitide] [http-nio-80-exec-7] o.s.security.web.FilterChainProxy        : Securing GET /api/v1/ranking
2026-03-16T19:22:56.985-03:00 DEBUG 2512 --- [somnitide] [http-nio-80-exec-7] o.s.s.o.s.r.a.JwtAuthenticationProvider  : Authenticated token
2026-03-16T19:22:56.986-03:00 DEBUG 2512 --- [somnitide] [http-nio-80-exec-7] .s.r.w.a.BearerTokenAuthenticationFilter : Set SecurityContextHolder to JwtAuthenticationToken [Principal=org.springframework.security.oauth2.jwt.Jwt@be75a69c, Credentials=[PROTECTED], Authenticated=true, Details=WebAuthenticationDetails [RemoteIpAddress=0:0:0:0:0:0:0:1, SessionId=null], Granted Authorities=[]]
2026-03-16T19:22:56.986-03:00 DEBUG 2512 --- [somnitide] [http-nio-80-exec-7] o.s.security.web.FilterChainProxy        : Secured GET /api/v1/ranking
2026-03-16T19:23:05.300-03:00 DEBUG 2512 --- [somnitide] [http-nio-80-exec-8] o.s.security.web.FilterChainProxy        : Securing OPTIONS /api/v1/sessions?limit=1
2026-03-16T19:23:05.304-03:00 DEBUG 2512 --- [somnitide] [http-nio-80-exec-9] o.s.security.web.FilterChainProxy        : Securing GET /api/v1/sessions?limit=1
2026-03-16T19:23:05.304-03:00 DEBUG 2512 --- [somnitide] [http-nio-80-exec-10] o.s.security.web.FilterChainProxy        : Securing OPTIONS /api/v1/preferences
2026-03-16T19:23:05.307-03:00 DEBUG 2512 --- [somnitide] [http-nio-80-exec-2] o.s.security.web.FilterChainProxy        : Securing GET /api/v1/preferences
2026-03-16T19:23:05.308-03:00 DEBUG 2512 --- [somnitide] [http-nio-80-exec-9] o.s.s.o.s.r.a.JwtAuthenticationProvider  : Authenticated token
2026-03-16T19:23:05.308-03:00 DEBUG 2512 --- [somnitide] [http-nio-80-exec-9] .s.r.w.a.BearerTokenAuthenticationFilter : Set SecurityContextHolder to JwtAuthenticationToken [Principal=org.springframework.security.oauth2.jwt.Jwt@be75a69c, Credentials=[PROTECTED], Authenticated=true, Details=WebAuthenticationDetails [RemoteIpAddress=0:0:0:0:0:0:0:1, SessionId=null], Granted Authorities=[]]
2026-03-16T19:23:05.309-03:00 DEBUG 2512 --- [somnitide] [http-nio-80-exec-9] o.s.security.web.FilterChainProxy        : Secured GET /api/v1/sessions?limit=1
2026-03-16T19:23:05.310-03:00 DEBUG 2512 --- [somnitide] [http-nio-80-exec-2] o.s.s.o.s.r.a.JwtAuthenticationProvider  : Authenticated token
2026-03-16T19:23:05.310-03:00 DEBUG 2512 --- [somnitide] [http-nio-80-exec-2] .s.r.w.a.BearerTokenAuthenticationFilter : Set SecurityContextHolder to JwtAuthenticationToken [Principal=org.springframework.security.oauth2.jwt.Jwt@be75a69c, Credentials=[PROTECTED], Authenticated=true, Details=WebAuthenticationDetails [RemoteIpAddress=0:0:0:0:0:0:0:1, SessionId=null], Granted Authorities=[]]
2026-03-16T19:23:05.311-03:00 DEBUG 2512 --- [somnitide] [http-nio-80-exec-2] o.s.security.web.FilterChainProxy        : Secured GET /api/v1/preferences
2026-03-16T19:23:06.831-03:00 DEBUG 2512 --- [somnitide] [http-nio-80-exec-1] o.s.security.web.FilterChainProxy        : Securing OPTIONS /api/v1/sessions?limit=10
2026-03-16T19:23:06.834-03:00 DEBUG 2512 --- [somnitide] [http-nio-80-exec-4] o.s.security.web.FilterChainProxy        : Securing GET /api/v1/sessions?limit=10
2026-03-16T19:23:06.837-03:00 DEBUG 2512 --- [somnitide] [http-nio-80-exec-4] o.s.s.o.s.r.a.JwtAuthenticationProvider  : Authenticated token
2026-03-16T19:23:06.837-03:00 DEBUG 2512 --- [somnitide] [http-nio-80-exec-4] .s.r.w.a.BearerTokenAuthenticationFilter : Set SecurityContextHolder to JwtAuthenticationToken [Principal=org.springframework.security.oauth2.jwt.Jwt@be75a69c, Credentials=[PROTECTED], Authenticated=true, Details=WebAuthenticationDetails [RemoteIpAddress=0:0:0:0:0:0:0:1, SessionId=null], Granted Authorities=[]]
2026-03-16T19:23:06.838-03:00 DEBUG 2512 --- [somnitide] [http-nio-80-exec-4] o.s.security.web.FilterChainProxy        : Secured GET /api/v1/sessions?limit=10
2026-03-16T19:23:07.812-03:00 DEBUG 2512 --- [somnitide] [http-nio-80-exec-3] o.s.security.web.FilterChainProxy        : Securing OPTIONS /api/v1/sessions?limit=50
2026-03-16T19:23:07.815-03:00 DEBUG 2512 --- [somnitide] [http-nio-80-exec-5] o.s.security.web.FilterChainProxy        : Securing GET /api/v1/sessions?limit=50
2026-03-16T19:23:07.817-03:00 DEBUG 2512 --- [somnitide] [http-nio-80-exec-5] o.s.s.o.s.r.a.JwtAuthenticationProvider  : Authenticated token
2026-03-16T19:23:07.818-03:00 DEBUG 2512 --- [somnitide] [http-nio-80-exec-5] .s.r.w.a.BearerTokenAuthenticationFilter : Set SecurityContextHolder to JwtAuthenticationToken [Principal=org.springframework.security.oauth2.jwt.Jwt@be75a69c, Credentials=[PROTECTED], Authenticated=true, Details=WebAuthenticationDetails [RemoteIpAddress=0:0:0:0:0:0:0:1, SessionId=null], Granted Authorities=[]]
2026-03-16T19:23:07.819-03:00 DEBUG 2512 --- [somnitide] [http-nio-80-exec-5] o.s.security.web.FilterChainProxy        : Secured GET /api/v1/sessions?limit=50
2026-03-16T19:23:08.335-03:00 DEBUG 2512 --- [somnitide] [http-nio-80-exec-6] o.s.security.web.FilterChainProxy        : Securing OPTIONS /api/v1/me/progress?days=7
2026-03-16T19:23:08.338-03:00 DEBUG 2512 --- [somnitide] [http-nio-80-exec-7] o.s.security.web.FilterChainProxy        : Securing GET /api/v1/me/progress?days=7
2026-03-16T19:23:08.341-03:00 DEBUG 2512 --- [somnitide] [http-nio-80-exec-7] o.s.s.o.s.r.a.JwtAuthenticationProvider  : Authenticated token
2026-03-16T19:23:08.341-03:00 DEBUG 2512 --- [somnitide] [http-nio-80-exec-7] .s.r.w.a.BearerTokenAuthenticationFilter : Set SecurityContextHolder to JwtAuthenticationToken [Principal=org.springframework.security.oauth2.jwt.Jwt@be75a69c, Credentials=[PROTECTED], Authenticated=true, Details=WebAuthenticationDetails [RemoteIpAddress=0:0:0:0:0:0:0:1, SessionId=null], Granted Authorities=[]]
2026-03-16T19:23:08.342-03:00 DEBUG 2512 --- [somnitide] [http-nio-80-exec-7] o.s.security.web.FilterChainProxy        : Secured GET /api/v1/me/progress?days=7
2026-03-16T19:23:57.869-03:00 DEBUG 2512 --- [somnitide] [http-nio-80-exec-8] o.s.security.web.FilterChainProxy        : Securing OPTIONS /api/v1/profiles/me
2026-03-16T19:23:57.871-03:00 DEBUG 2512 --- [somnitide] [http-nio-80-exec-10] o.s.security.web.FilterChainProxy        : Securing GET /api/v1/profiles/me
2026-03-16T19:23:57.874-03:00 DEBUG 2512 --- [somnitide] [http-nio-80-exec-10] o.s.s.o.s.r.a.JwtAuthenticationProvider  : Authenticated token
2026-03-16T19:23:57.874-03:00 DEBUG 2512 --- [somnitide] [http-nio-80-exec-10] .s.r.w.a.BearerTokenAuthenticationFilter : Set SecurityContextHolder to JwtAuthenticationToken [Principal=org.springframework.security.oauth2.jwt.Jwt@be75a69c, Credentials=[PROTECTED], Authenticated=true, Details=WebAuthenticationDetails [RemoteIpAddress=0:0:0:0:0:0:0:1, SessionId=null], Granted Authorities=[]]
2026-03-16T19:23:57.875-03:00 DEBUG 2512 --- [somnitide] [http-nio-80-exec-10] o.s.security.web.FilterChainProxy        : Secured GET /api/v1/profiles/me
2026-03-16T19:24:16.935-03:00 DEBUG 2512 --- [somnitide] [http-nio-80-exec-9] o.s.security.web.FilterChainProxy        : Securing OPTIONS /api/v1/sessions?limit=1
2026-03-16T19:24:16.937-03:00 DEBUG 2512 --- [somnitide] [http-nio-80-exec-1] o.s.security.web.FilterChainProxy        : Securing OPTIONS /api/v1/preferences
2026-03-16T19:24:16.939-03:00 DEBUG 2512 --- [somnitide] [http-nio-80-exec-4] o.s.security.web.FilterChainProxy        : Securing GET /api/v1/sessions?limit=1
2026-03-16T19:24:16.939-03:00 DEBUG 2512 --- [somnitide] [http-nio-80-exec-3] o.s.security.web.FilterChainProxy        : Securing GET /api/v1/preferences
2026-03-16T19:24:16.945-03:00 DEBUG 2512 --- [somnitide] [http-nio-80-exec-3] o.s.s.o.s.r.a.JwtAuthenticationProvider  : Authenticated token
2026-03-16T19:24:16.945-03:00 DEBUG 2512 --- [somnitide] [http-nio-80-exec-4] o.s.s.o.s.r.a.JwtAuthenticationProvider  : Authenticated token
2026-03-16T19:24:16.946-03:00 DEBUG 2512 --- [somnitide] [http-nio-80-exec-3] .s.r.w.a.BearerTokenAuthenticationFilter : Set SecurityContextHolder to JwtAuthenticationToken [Principal=org.springframework.security.oauth2.jwt.Jwt@be75a69c, Credentials=[PROTECTED], Authenticated=true, Details=WebAuthenticationDetails [RemoteIpAddress=0:0:0:0:0:0:0:1, SessionId=null], Granted Authorities=[]]
2026-03-16T19:24:16.946-03:00 DEBUG 2512 --- [somnitide] [http-nio-80-exec-4] .s.r.w.a.BearerTokenAuthenticationFilter : Set SecurityContextHolder to JwtAuthenticationToken [Principal=org.springframework.security.oauth2.jwt.Jwt@be75a69c, Credentials=[PROTECTED], Authenticated=true, Details=WebAuthenticationDetails [RemoteIpAddress=0:0:0:0:0:0:0:1, SessionId=null], Granted Authorities=[]]
2026-03-16T19:24:16.947-03:00 DEBUG 2512 --- [somnitide] [http-nio-80-exec-3] o.s.security.web.FilterChainProxy        : Secured GET /api/v1/preferences
2026-03-16T19:24:16.948-03:00 DEBUG 2512 --- [somnitide] [http-nio-80-exec-4] o.s.security.web.FilterChainProxy        : Secured GET /api/v1/sessions?limit=1
2026-03-16T19:24:25.313-03:00 DEBUG 2512 --- [somnitide] [http-nio-80-exec-5] o.s.security.web.FilterChainProxy        : Securing OPTIONS /api/v1/ranking
2026-03-16T19:24:25.316-03:00 DEBUG 2512 --- [somnitide] [http-nio-80-exec-6] o.s.security.web.FilterChainProxy        : Securing GET /api/v1/ranking
2026-03-16T19:24:25.322-03:00 DEBUG 2512 --- [somnitide] [http-nio-80-exec-6] o.s.s.o.s.r.a.JwtAuthenticationProvider  : Authenticated token
2026-03-16T19:24:25.323-03:00 DEBUG 2512 --- [somnitide] [http-nio-80-exec-6] .s.r.w.a.BearerTokenAuthenticationFilter : Set SecurityContextHolder to JwtAuthenticationToken [Principal=org.springframework.security.oauth2.jwt.Jwt@be75a69c, Credentials=[PROTECTED], Authenticated=true, Details=WebAuthenticationDetails [RemoteIpAddress=0:0:0:0:0:0:0:1, SessionId=null], Granted Authorities=[]]
2026-03-16T19:24:25.324-03:00 DEBUG 2512 --- [somnitide] [http-nio-80-exec-6] o.s.security.web.FilterChainProxy        : Secured GET /api/v1/ranking
2026-03-16T19:24:26.090-03:00 DEBUG 2512 --- [somnitide] [http-nio-80-exec-7] o.s.security.web.FilterChainProxy        : Securing OPTIONS /api/v1/ranking/profile/chico
2026-03-16T19:24:26.093-03:00 DEBUG 2512 --- [somnitide] [http-nio-80-exec-8] o.s.security.web.FilterChainProxy        : Securing GET /api/v1/ranking/profile/chico
2026-03-16T19:24:26.098-03:00 DEBUG 2512 --- [somnitide] [http-nio-80-exec-8] o.s.s.o.s.r.a.JwtAuthenticationProvider  : Authenticated token
2026-03-16T19:24:26.099-03:00 DEBUG 2512 --- [somnitide] [http-nio-80-exec-8] .s.r.w.a.BearerTokenAuthenticationFilter : Set SecurityContextHolder to JwtAuthenticationToken [Principal=org.springframework.security.oauth2.jwt.Jwt@be75a69c, Credentials=[PROTECTED], Authenticated=true, Details=WebAuthenticationDetails [RemoteIpAddress=0:0:0:0:0:0:0:1, SessionId=null], Granted Authorities=[]]
2026-03-16T19:24:26.100-03:00 DEBUG 2512 --- [somnitide] [http-nio-80-exec-8] o.s.security.web.FilterChainProxy        : Secured GET /api/v1/ranking/profile/chico
2026-03-16T19:24:43.855-03:00 DEBUG 2512 --- [somnitide] [http-nio-80-exec-10] o.s.security.web.FilterChainProxy        : Securing OPTIONS /api/v1/ranking
2026-03-16T19:24:43.857-03:00 DEBUG 2512 --- [somnitide] [http-nio-80-exec-2] o.s.security.web.FilterChainProxy        : Securing GET /api/v1/ranking
2026-03-16T19:24:43.860-03:00 DEBUG 2512 --- [somnitide] [http-nio-80-exec-2] o.s.s.o.s.r.a.JwtAuthenticationProvider  : Authenticated token
2026-03-16T19:24:43.860-03:00 DEBUG 2512 --- [somnitide] [http-nio-80-exec-2] .s.r.w.a.BearerTokenAuthenticationFilter : Set SecurityContextHolder to JwtAuthenticationToken [Principal=org.springframework.security.oauth2.jwt.Jwt@be75a69c, Credentials=[PROTECTED], Authenticated=true, Details=WebAuthenticationDetails [RemoteIpAddress=0:0:0:0:0:0:0:1, SessionId=null], Granted Authorities=[]]
2026-03-16T19:24:43.861-03:00 DEBUG 2512 --- [somnitide] [http-nio-80-exec-2] o.s.security.web.FilterChainProxy        : Secured GET /api/v1/ranking
2026-03-16T19:24:45.931-03:00 DEBUG 2512 --- [somnitide] [http-nio-80-exec-9] o.s.security.web.FilterChainProxy        : Securing OPTIONS /api/v1/ranking/profile/tester
2026-03-16T19:24:45.933-03:00 DEBUG 2512 --- [somnitide] [http-nio-80-exec-1] o.s.security.web.FilterChainProxy        : Securing GET /api/v1/ranking/profile/tester
2026-03-16T19:24:45.937-03:00 DEBUG 2512 --- [somnitide] [http-nio-80-exec-1] o.s.s.o.s.r.a.JwtAuthenticationProvider  : Authenticated token
2026-03-16T19:24:45.937-03:00 DEBUG 2512 --- [somnitide] [http-nio-80-exec-1] .s.r.w.a.BearerTokenAuthenticationFilter : Set SecurityContextHolder to JwtAuthenticationToken [Principal=org.springframework.security.oauth2.jwt.Jwt@be75a69c, Credentials=[PROTECTED], Authenticated=true, Details=WebAuthenticationDetails [RemoteIpAddress=0:0:0:0:0:0:0:1, SessionId=null], Granted Authorities=[]]
2026-03-16T19:24:45.938-03:00 DEBUG 2512 --- [somnitide] [http-nio-80-exec-1] o.s.security.web.FilterChainProxy        : Secured GET /api/v1/ranking/profile/tester
2026-03-16T19:24:48.741-03:00 DEBUG 2512 --- [somnitide] [http-nio-80-exec-3] o.s.security.web.FilterChainProxy        : Securing GET /api/v1/ranking
2026-03-16T19:24:48.744-03:00 DEBUG 2512 --- [somnitide] [http-nio-80-exec-3] o.s.s.o.s.r.a.JwtAuthenticationProvider  : Authenticated token
2026-03-16T19:24:48.744-03:00 DEBUG 2512 --- [somnitide] [http-nio-80-exec-3] .s.r.w.a.BearerTokenAuthenticationFilter : Set SecurityContextHolder to JwtAuthenticationToken [Principal=org.springframework.security.oauth2.jwt.Jwt@be75a69c, Credentials=[PROTECTED], Authenticated=true, Details=WebAuthenticationDetails [RemoteIpAddress=0:0:0:0:0:0:0:1, SessionId=null], Granted Authorities=[]]
2026-03-16T19:24:48.745-03:00 DEBUG 2512 --- [somnitide] [http-nio-80-exec-3] o.s.security.web.FilterChainProxy        : Secured GET /api/v1/ranking
2026-03-16T19:25:32.528-03:00 DEBUG 2512 --- [somnitide] [http-nio-80-exec-5] o.s.security.web.FilterChainProxy        : Securing OPTIONS /api/v1/me/progress?days=7
2026-03-16T19:25:32.531-03:00 DEBUG 2512 --- [somnitide] [http-nio-80-exec-6] o.s.security.web.FilterChainProxy        : Securing GET /api/v1/me/progress?days=7
2026-03-16T19:25:32.534-03:00 DEBUG 2512 --- [somnitide] [http-nio-80-exec-6] o.s.s.o.s.r.a.JwtAuthenticationProvider  : Authenticated token
2026-03-16T19:25:32.535-03:00 DEBUG 2512 --- [somnitide] [http-nio-80-exec-6] .s.r.w.a.BearerTokenAuthenticationFilter : Set SecurityContextHolder to JwtAuthenticationToken [Principal=org.springframework.security.oauth2.jwt.Jwt@be75a69c, Credentials=[PROTECTED], Authenticated=true, Details=WebAuthenticationDetails [RemoteIpAddress=0:0:0:0:0:0:0:1, SessionId=null], Granted Authorities=[]]
2026-03-16T19:25:32.535-03:00 DEBUG 2512 --- [somnitide] [http-nio-80-exec-6] o.s.security.web.FilterChainProxy        : Secured GET /api/v1/me/progress?days=7
2026-03-16T19:25:55.591-03:00 DEBUG 2512 --- [somnitide] [http-nio-80-exec-7] o.s.security.web.FilterChainProxy        : Securing OPTIONS /api/v1/ranking
2026-03-16T19:25:55.595-03:00 DEBUG 2512 --- [somnitide] [http-nio-80-exec-8] o.s.security.web.FilterChainProxy        : Securing GET /api/v1/ranking
2026-03-16T19:25:55.599-03:00 DEBUG 2512 --- [somnitide] [http-nio-80-exec-8] o.s.s.o.s.r.a.JwtAuthenticationProvider  : Authenticated token
2026-03-16T19:25:55.600-03:00 DEBUG 2512 --- [somnitide] [http-nio-80-exec-8] .s.r.w.a.BearerTokenAuthenticationFilter : Set SecurityContextHolder to JwtAuthenticationToken [Principal=org.springframework.security.oauth2.jwt.Jwt@be75a69c, Credentials=[PROTECTED], Authenticated=true, Details=WebAuthenticationDetails [RemoteIpAddress=0:0:0:0:0:0:0:1, SessionId=null], Granted Authorities=[]]
2026-03-16T19:25:55.600-03:00 DEBUG 2512 --- [somnitide] [http-nio-80-exec-8] o.s.security.web.FilterChainProxy        : Secured GET /api/v1/ranking
2026-03-16T19:25:57.223-03:00 DEBUG 2512 --- [somnitide] [http-nio-80-exec-10] o.s.security.web.FilterChainProxy        : Securing OPTIONS /api/v1/me/progress?days=7
2026-03-16T19:25:57.226-03:00 DEBUG 2512 --- [somnitide] [http-nio-80-exec-2] o.s.security.web.FilterChainProxy        : Securing GET /api/v1/me/progress?days=7
2026-03-16T19:25:57.231-03:00 DEBUG 2512 --- [somnitide] [http-nio-80-exec-2] o.s.s.o.s.r.a.JwtAuthenticationProvider  : Authenticated token
2026-03-16T19:25:57.231-03:00 DEBUG 2512 --- [somnitide] [http-nio-80-exec-2] .s.r.w.a.BearerTokenAuthenticationFilter : Set SecurityContextHolder to JwtAuthenticationToken [Principal=org.springframework.security.oauth2.jwt.Jwt@be75a69c, Credentials=[PROTECTED], Authenticated=true, Details=WebAuthenticationDetails [RemoteIpAddress=0:0:0:0:0:0:0:1, SessionId=null], Granted Authorities=[]]
2026-03-16T19:25:57.232-03:00 DEBUG 2512 --- [somnitide] [http-nio-80-exec-2] o.s.security.web.FilterChainProxy        : Secured GET /api/v1/me/progress?days=7
2026-03-16T19:26:04.045-03:00 DEBUG 2512 --- [somnitide] [http-nio-80-exec-9] o.s.security.web.FilterChainProxy        : Securing OPTIONS /api/v1/sessions?limit=1
2026-03-16T19:26:04.048-03:00 DEBUG 2512 --- [somnitide] [http-nio-80-exec-3] o.s.security.web.FilterChainProxy        : Securing GET /api/v1/sessions?limit=1
2026-03-16T19:26:04.048-03:00 DEBUG 2512 --- [somnitide] [http-nio-80-exec-1] o.s.security.web.FilterChainProxy        : Securing OPTIONS /api/v1/preferences
2026-03-16T19:26:04.050-03:00 DEBUG 2512 --- [somnitide] [http-nio-80-exec-4] o.s.security.web.FilterChainProxy        : Securing GET /api/v1/preferences
2026-03-16T19:26:04.051-03:00 DEBUG 2512 --- [somnitide] [http-nio-80-exec-3] o.s.s.o.s.r.a.JwtAuthenticationProvider  : Authenticated token
2026-03-16T19:26:04.051-03:00 DEBUG 2512 --- [somnitide] [http-nio-80-exec-3] .s.r.w.a.BearerTokenAuthenticationFilter : Set SecurityContextHolder to JwtAuthenticationToken [Principal=org.springframework.security.oauth2.jwt.Jwt@be75a69c, Credentials=[PROTECTED], Authenticated=true, Details=WebAuthenticationDetails [RemoteIpAddress=0:0:0:0:0:0:0:1, SessionId=null], Granted Authorities=[]]
2026-03-16T19:26:04.052-03:00 DEBUG 2512 --- [somnitide] [http-nio-80-exec-3] o.s.security.web.FilterChainProxy        : Secured GET /api/v1/sessions?limit=1
2026-03-16T19:26:04.053-03:00 DEBUG 2512 --- [somnitide] [http-nio-80-exec-4] o.s.s.o.s.r.a.JwtAuthenticationProvider  : Authenticated token
2026-03-16T19:26:04.054-03:00 DEBUG 2512 --- [somnitide] [http-nio-80-exec-4] .s.r.w.a.BearerTokenAuthenticationFilter : Set SecurityContextHolder to JwtAuthenticationToken [Principal=org.springframework.security.oauth2.jwt.Jwt@be75a69c, Credentials=[PROTECTED], Authenticated=true, Details=WebAuthenticationDetails [RemoteIpAddress=0:0:0:0:0:0:0:1, SessionId=null], Granted Authorities=[]]
2026-03-16T19:26:04.054-03:00 DEBUG 2512 --- [somnitide] [http-nio-80-exec-4] o.s.security.web.FilterChainProxy        : Secured GET /api/v1/preferences
2026-03-16T19:26:06.529-03:00 DEBUG 2512 --- [somnitide] [http-nio-80-exec-5] o.s.security.web.FilterChainProxy        : Securing GET /api/v1/sessions?limit=1
2026-03-16T19:26:06.529-03:00 DEBUG 2512 --- [somnitide] [http-nio-80-exec-6] o.s.security.web.FilterChainProxy        : Securing GET /api/v1/preferences
2026-03-16T19:26:06.534-03:00 DEBUG 2512 --- [somnitide] [http-nio-80-exec-5] o.s.s.o.s.r.a.JwtAuthenticationProvider  : Authenticated token
2026-03-16T19:26:06.534-03:00 DEBUG 2512 --- [somnitide] [http-nio-80-exec-6] o.s.s.o.s.r.a.JwtAuthenticationProvider  : Authenticated token
2026-03-16T19:26:06.534-03:00 DEBUG 2512 --- [somnitide] [http-nio-80-exec-5] .s.r.w.a.BearerTokenAuthenticationFilter : Set SecurityContextHolder to JwtAuthenticationToken [Principal=org.springframework.security.oauth2.jwt.Jwt@be75a69c, Credentials=[PROTECTED], Authenticated=true, Details=WebAuthenticationDetails [RemoteIpAddress=0:0:0:0:0:0:0:1, SessionId=null], Granted Authorities=[]]
2026-03-16T19:26:06.534-03:00 DEBUG 2512 --- [somnitide] [http-nio-80-exec-6] .s.r.w.a.BearerTokenAuthenticationFilter : Set SecurityContextHolder to JwtAuthenticationToken [Principal=org.springframework.security.oauth2.jwt.Jwt@be75a69c, Credentials=[PROTECTED], Authenticated=true, Details=WebAuthenticationDetails [RemoteIpAddress=0:0:0:0:0:0:0:1, SessionId=null], Granted Authorities=[]]
2026-03-16T19:26:06.535-03:00 DEBUG 2512 --- [somnitide] [http-nio-80-exec-5] o.s.security.web.FilterChainProxy        : Secured GET /api/v1/sessions?limit=1
2026-03-16T19:26:06.535-03:00 DEBUG 2512 --- [somnitide] [http-nio-80-exec-6] o.s.security.web.FilterChainProxy        : Secured GET /api/v1/preferences
2026-03-16T19:26:11.692-03:00 DEBUG 2512 --- [somnitide] [http-nio-80-exec-7] o.s.security.web.FilterChainProxy        : Securing OPTIONS /api/v1/sessions?limit=1
2026-03-16T19:26:11.696-03:00 DEBUG 2512 --- [somnitide] [http-nio-80-exec-8] o.s.security.web.FilterChainProxy        : Securing OPTIONS /api/v1/preferences
2026-03-16T19:26:11.696-03:00 DEBUG 2512 --- [somnitide] [http-nio-80-exec-10] o.s.security.web.FilterChainProxy        : Securing GET /api/v1/sessions?limit=1
2026-03-16T19:26:11.700-03:00 DEBUG 2512 --- [somnitide] [http-nio-80-exec-10] o.s.s.o.s.r.a.JwtAuthenticationProvider  : Authenticated token
2026-03-16T19:26:11.700-03:00 DEBUG 2512 --- [somnitide] [http-nio-80-exec-2] o.s.security.web.FilterChainProxy        : Securing GET /api/v1/preferences
2026-03-16T19:26:11.700-03:00 DEBUG 2512 --- [somnitide] [http-nio-80-exec-10] .s.r.w.a.BearerTokenAuthenticationFilter : Set SecurityContextHolder to JwtAuthenticationToken [Principal=org.springframework.security.oauth2.jwt.Jwt@be75a69c, Credentials=[PROTECTED], Authenticated=true, Details=WebAuthenticationDetails [RemoteIpAddress=0:0:0:0:0:0:0:1, SessionId=null], Granted Authorities=[]]
2026-03-16T19:26:11.702-03:00 DEBUG 2512 --- [somnitide] [http-nio-80-exec-10] o.s.security.web.FilterChainProxy        : Secured GET /api/v1/sessions?limit=1
2026-03-16T19:26:11.704-03:00 DEBUG 2512 --- [somnitide] [http-nio-80-exec-2] o.s.s.o.s.r.a.JwtAuthenticationProvider  : Authenticated token
2026-03-16T19:26:11.705-03:00 DEBUG 2512 --- [somnitide] [http-nio-80-exec-2] .s.r.w.a.BearerTokenAuthenticationFilter : Set SecurityContextHolder to JwtAuthenticationToken [Principal=org.springframework.security.oauth2.jwt.Jwt@be75a69c, Credentials=[PROTECTED], Authenticated=true, Details=WebAuthenticationDetails [RemoteIpAddress=0:0:0:0:0:0:0:1, SessionId=null], Granted Authorities=[]]
2026-03-16T19:26:11.705-03:00 DEBUG 2512 --- [somnitide] [http-nio-80-exec-2] o.s.security.web.FilterChainProxy        : Secured GET /api/v1/preferences
2026-03-16T19:26:54.974-03:00 DEBUG 2512 --- [somnitide] [http-nio-80-exec-9] o.s.security.web.FilterChainProxy        : Securing OPTIONS /api/v1/sessions?limit=1
2026-03-16T19:26:54.975-03:00 DEBUG 2512 --- [somnitide] [http-nio-80-exec-1] o.s.security.web.FilterChainProxy        : Securing OPTIONS /api/v1/preferences
2026-03-16T19:26:54.976-03:00 DEBUG 2512 --- [somnitide] [http-nio-80-exec-3] o.s.security.web.FilterChainProxy        : Securing GET /api/v1/preferences
2026-03-16T19:26:54.976-03:00 DEBUG 2512 --- [somnitide] [http-nio-80-exec-4] o.s.security.web.FilterChainProxy        : Securing GET /api/v1/sessions?limit=1
2026-03-16T19:26:55.442-03:00 DEBUG 2512 --- [somnitide] [http-nio-80-exec-3] o.s.s.o.s.r.a.JwtAuthenticationProvider  : Authenticated token
2026-03-16T19:26:55.442-03:00 DEBUG 2512 --- [somnitide] [http-nio-80-exec-4] o.s.s.o.s.r.a.JwtAuthenticationProvider  : Authenticated token
2026-03-16T19:26:55.443-03:00 DEBUG 2512 --- [somnitide] [http-nio-80-exec-3] .s.r.w.a.BearerTokenAuthenticationFilter : Set SecurityContextHolder to JwtAuthenticationToken [Principal=org.springframework.security.oauth2.jwt.Jwt@be75a69c, Credentials=[PROTECTED], Authenticated=true, Details=WebAuthenticationDetails [RemoteIpAddress=0:0:0:0:0:0:0:1, SessionId=null], Granted Authorities=[]]
2026-03-16T19:26:55.443-03:00 DEBUG 2512 --- [somnitide] [http-nio-80-exec-4] .s.r.w.a.BearerTokenAuthenticationFilter : Set SecurityContextHolder to JwtAuthenticationToken [Principal=org.springframework.security.oauth2.jwt.Jwt@be75a69c, Credentials=[PROTECTED], Authenticated=true, Details=WebAuthenticationDetails [RemoteIpAddress=0:0:0:0:0:0:0:1, SessionId=null], Granted Authorities=[]]
2026-03-16T19:26:55.443-03:00 DEBUG 2512 --- [somnitide] [http-nio-80-exec-3] o.s.security.web.FilterChainProxy        : Secured GET /api/v1/preferences
2026-03-16T19:26:55.443-03:00 DEBUG 2512 --- [somnitide] [http-nio-80-exec-4] o.s.security.web.FilterChainProxy        : Secured GET /api/v1/sessions?limit=1
2026-03-16T19:26:57.379-03:00 DEBUG 2512 --- [somnitide] [http-nio-80-exec-6] o.s.security.web.FilterChainProxy        : Securing OPTIONS /api/v1/ranking
2026-03-16T19:26:57.382-03:00 DEBUG 2512 --- [somnitide] [http-nio-80-exec-5] o.s.security.web.FilterChainProxy        : Securing GET /api/v1/ranking
2026-03-16T19:26:57.385-03:00 DEBUG 2512 --- [somnitide] [http-nio-80-exec-5] o.s.s.o.s.r.a.JwtAuthenticationProvider  : Authenticated token
2026-03-16T19:26:57.385-03:00 DEBUG 2512 --- [somnitide] [http-nio-80-exec-5] .s.r.w.a.BearerTokenAuthenticationFilter : Set SecurityContextHolder to JwtAuthenticationToken [Principal=org.springframework.security.oauth2.jwt.Jwt@be75a69c, Credentials=[PROTECTED], Authenticated=true, Details=WebAuthenticationDetails [RemoteIpAddress=0:0:0:0:0:0:0:1, SessionId=null], Granted Authorities=[]]
2026-03-16T19:26:57.386-03:00 DEBUG 2512 --- [somnitide] [http-nio-80-exec-5] o.s.security.web.FilterChainProxy        : Secured GET /api/v1/ranking
2026-03-16T19:26:58.121-03:00 DEBUG 2512 --- [somnitide] [http-nio-80-exec-7] o.s.security.web.FilterChainProxy        : Securing OPTIONS /api/v1/ranking/profile/chico
2026-03-16T19:26:58.124-03:00 DEBUG 2512 --- [somnitide] [http-nio-80-exec-8] o.s.security.web.FilterChainProxy        : Securing GET /api/v1/ranking/profile/chico
2026-03-16T19:26:58.129-03:00 DEBUG 2512 --- [somnitide] [http-nio-80-exec-8] o.s.s.o.s.r.a.JwtAuthenticationProvider  : Authenticated token
2026-03-16T19:26:58.129-03:00 DEBUG 2512 --- [somnitide] [http-nio-80-exec-8] .s.r.w.a.BearerTokenAuthenticationFilter : Set SecurityContextHolder to JwtAuthenticationToken [Principal=org.springframework.security.oauth2.jwt.Jwt@be75a69c, Credentials=[PROTECTED], Authenticated=true, Details=WebAuthenticationDetails [RemoteIpAddress=0:0:0:0:0:0:0:1, SessionId=null], Granted Authorities=[]]
2026-03-16T19:26:58.130-03:00 DEBUG 2512 --- [somnitide] [http-nio-80-exec-8] o.s.security.web.FilterChainProxy        : Secured GET /api/v1/ranking/profile/chico
2026-03-16T19:27:04.040-03:00 DEBUG 2512 --- [somnitide] [http-nio-80-exec-2] o.s.security.web.FilterChainProxy        : Securing OPTIONS /api/v1/me/progress?days=7
2026-03-16T19:27:04.042-03:00 DEBUG 2512 --- [somnitide] [http-nio-80-exec-10] o.s.security.web.FilterChainProxy        : Securing GET /api/v1/me/progress?days=7
2026-03-16T19:27:04.046-03:00 DEBUG 2512 --- [somnitide] [http-nio-80-exec-10] o.s.s.o.s.r.a.JwtAuthenticationProvider  : Authenticated token
2026-03-16T19:27:04.046-03:00 DEBUG 2512 --- [somnitide] [http-nio-80-exec-10] .s.r.w.a.BearerTokenAuthenticationFilter : Set SecurityContextHolder to JwtAuthenticationToken [Principal=org.springframework.security.oauth2.jwt.Jwt@be75a69c, Credentials=[PROTECTED], Authenticated=true, Details=WebAuthenticationDetails [RemoteIpAddress=0:0:0:0:0:0:0:1, SessionId=null], Granted Authorities=[]]
2026-03-16T19:27:04.047-03:00 DEBUG 2512 --- [somnitide] [http-nio-80-exec-10] o.s.security.web.FilterChainProxy        : Secured GET /api/v1/me/progress?days=7
2026-03-16T19:27:08.583-03:00 DEBUG 2512 --- [somnitide] [http-nio-80-exec-9] o.s.security.web.FilterChainProxy        : Securing OPTIONS /api/v1/sessions?limit=50
2026-03-16T19:27:08.586-03:00 DEBUG 2512 --- [somnitide] [http-nio-80-exec-1] o.s.security.web.FilterChainProxy        : Securing GET /api/v1/sessions?limit=50
2026-03-16T19:27:08.588-03:00 DEBUG 2512 --- [somnitide] [http-nio-80-exec-1] o.s.s.o.s.r.a.JwtAuthenticationProvider  : Authenticated token
2026-03-16T19:27:08.589-03:00 DEBUG 2512 --- [somnitide] [http-nio-80-exec-1] .s.r.w.a.BearerTokenAuthenticationFilter : Set SecurityContextHolder to JwtAuthenticationToken [Principal=org.springframework.security.oauth2.jwt.Jwt@be75a69c, Credentials=[PROTECTED], Authenticated=true, Details=WebAuthenticationDetails [RemoteIpAddress=0:0:0:0:0:0:0:1, SessionId=null], Granted Authorities=[]]
2026-03-16T19:27:08.589-03:00 DEBUG 2512 --- [somnitide] [http-nio-80-exec-1] o.s.security.web.FilterChainProxy        : Secured GET /api/v1/sessions?limit=50
2026-03-16T19:27:30.077-03:00 DEBUG 2512 --- [somnitide] [http-nio-80-exec-3] o.s.security.web.FilterChainProxy        : Securing OPTIONS /api/v1/sessions?limit=1
2026-03-16T19:27:30.077-03:00 DEBUG 2512 --- [somnitide] [http-nio-80-exec-4] o.s.security.web.FilterChainProxy        : Securing OPTIONS /api/v1/preferences
2026-03-16T19:27:30.085-03:00 DEBUG 2512 --- [somnitide] [http-nio-80-exec-6] o.s.security.web.FilterChainProxy        : Securing GET /api/v1/preferences
2026-03-16T19:27:30.089-03:00 DEBUG 2512 --- [somnitide] [http-nio-80-exec-6] o.s.s.o.s.r.a.JwtAuthenticationProvider  : Authenticated token
2026-03-16T19:27:30.090-03:00 DEBUG 2512 --- [somnitide] [http-nio-80-exec-6] .s.r.w.a.BearerTokenAuthenticationFilter : Set SecurityContextHolder to JwtAuthenticationToken [Principal=org.springframework.security.oauth2.jwt.Jwt@be75a69c, Credentials=[PROTECTED], Authenticated=true, Details=WebAuthenticationDetails [RemoteIpAddress=0:0:0:0:0:0:0:1, SessionId=null], Granted Authorities=[]]
2026-03-16T19:27:30.090-03:00 DEBUG 2512 --- [somnitide] [http-nio-80-exec-6] o.s.security.web.FilterChainProxy        : Secured GET /api/v1/preferences
2026-03-16T19:27:30.093-03:00 DEBUG 2512 --- [somnitide] [http-nio-80-exec-5] o.s.security.web.FilterChainProxy        : Securing GET /api/v1/sessions?limit=1
2026-03-16T19:27:30.098-03:00 DEBUG 2512 --- [somnitide] [http-nio-80-exec-5] o.s.s.o.s.r.a.JwtAuthenticationProvider  : Authenticated token
2026-03-16T19:27:30.099-03:00 DEBUG 2512 --- [somnitide] [http-nio-80-exec-5] .s.r.w.a.BearerTokenAuthenticationFilter : Set SecurityContextHolder to JwtAuthenticationToken [Principal=org.springframework.security.oauth2.jwt.Jwt@be75a69c, Credentials=[PROTECTED], Authenticated=true, Details=WebAuthenticationDetails [RemoteIpAddress=0:0:0:0:0:0:0:1, SessionId=null], Granted Authorities=[]]
2026-03-16T19:27:30.099-03:00 DEBUG 2512 --- [somnitide] [http-nio-80-exec-5] o.s.security.web.FilterChainProxy        : Secured GET /api/v1/sessions?limit=1
2026-03-16T19:27:58.009-03:00 DEBUG 2512 --- [somnitide] [http-nio-80-exec-7] o.s.security.web.FilterChainProxy        : Securing OPTIONS /api/v1/sessions?limit=1
2026-03-16T19:27:58.009-03:00 DEBUG 2512 --- [somnitide] [http-nio-80-exec-8] o.s.security.web.FilterChainProxy        : Securing OPTIONS /api/v1/preferences
2026-03-16T19:27:58.017-03:00 DEBUG 2512 --- [somnitide] [http-nio-80-exec-2] o.s.security.web.FilterChainProxy        : Securing GET /api/v1/preferences
2026-03-16T19:27:58.017-03:00 DEBUG 2512 --- [somnitide] [http-nio-80-exec-10] o.s.security.web.FilterChainProxy        : Securing GET /api/v1/sessions?limit=1
2026-03-16T19:27:58.021-03:00 DEBUG 2512 --- [somnitide] [http-nio-80-exec-2] o.s.s.o.s.r.a.JwtAuthenticationProvider  : Authenticated token
2026-03-16T19:27:58.022-03:00 DEBUG 2512 --- [somnitide] [http-nio-80-exec-2] .s.r.w.a.BearerTokenAuthenticationFilter : Set SecurityContextHolder to JwtAuthenticationToken [Principal=org.springframework.security.oauth2.jwt.Jwt@be75a69c, Credentials=[PROTECTED], Authenticated=true, Details=WebAuthenticationDetails [RemoteIpAddress=0:0:0:0:0:0:0:1, SessionId=null], Granted Authorities=[]]
2026-03-16T19:27:58.022-03:00 DEBUG 2512 --- [somnitide] [http-nio-80-exec-10] o.s.s.o.s.r.a.JwtAuthenticationProvider  : Authenticated token
2026-03-16T19:27:58.022-03:00 DEBUG 2512 --- [somnitide] [http-nio-80-exec-2] o.s.security.web.FilterChainProxy        : Secured GET /api/v1/preferences
2026-03-16T19:27:58.023-03:00 DEBUG 2512 --- [somnitide] [http-nio-80-exec-10] .s.r.w.a.BearerTokenAuthenticationFilter : Set SecurityContextHolder to JwtAuthenticationToken [Principal=org.springframework.security.oauth2.jwt.Jwt@be75a69c, Credentials=[PROTECTED], Authenticated=true, Details=WebAuthenticationDetails [RemoteIpAddress=0:0:0:0:0:0:0:1, SessionId=null], Granted Authorities=[]]
2026-03-16T19:27:58.026-03:00 DEBUG 2512 --- [somnitide] [http-nio-80-exec-10] o.s.security.web.FilterChainProxy        : Secured GET /api/v1/sessions?limit=1
2026-03-16T19:28:01.083-03:00 DEBUG 2512 --- [somnitide] [http-nio-80-exec-9] o.s.security.web.FilterChainProxy        : Securing OPTIONS /api/v1/ranking
2026-03-16T19:28:01.086-03:00 DEBUG 2512 --- [somnitide] [http-nio-80-exec-1] o.s.security.web.FilterChainProxy        : Securing GET /api/v1/ranking
2026-03-16T19:28:01.090-03:00 DEBUG 2512 --- [somnitide] [http-nio-80-exec-1] o.s.s.o.s.r.a.JwtAuthenticationProvider  : Authenticated token
2026-03-16T19:28:01.091-03:00 DEBUG 2512 --- [somnitide] [http-nio-80-exec-1] .s.r.w.a.BearerTokenAuthenticationFilter : Set SecurityContextHolder to JwtAuthenticationToken [Principal=org.springframework.security.oauth2.jwt.Jwt@be75a69c, Credentials=[PROTECTED], Authenticated=true, Details=WebAuthenticationDetails [RemoteIpAddress=0:0:0:0:0:0:0:1, SessionId=null], Granted Authorities=[]]
2026-03-16T19:28:01.092-03:00 DEBUG 2512 --- [somnitide] [http-nio-80-exec-1] o.s.security.web.FilterChainProxy        : Secured GET /api/v1/ranking
2026-03-16T19:28:02.153-03:00 DEBUG 2512 --- [somnitide] [http-nio-80-exec-3] o.s.security.web.FilterChainProxy        : Securing OPTIONS /api/v1/ranking/profile/chico
2026-03-16T19:28:02.156-03:00 DEBUG 2512 --- [somnitide] [http-nio-80-exec-4] o.s.security.web.FilterChainProxy        : Securing GET /api/v1/ranking/profile/chico
2026-03-16T19:28:02.160-03:00 DEBUG 2512 --- [somnitide] [http-nio-80-exec-4] o.s.s.o.s.r.a.JwtAuthenticationProvider  : Authenticated token
2026-03-16T19:28:02.160-03:00 DEBUG 2512 --- [somnitide] [http-nio-80-exec-4] .s.r.w.a.BearerTokenAuthenticationFilter : Set SecurityContextHolder to JwtAuthenticationToken [Principal=org.springframework.security.oauth2.jwt.Jwt@be75a69c, Credentials=[PROTECTED], Authenticated=true, Details=WebAuthenticationDetails [RemoteIpAddress=0:0:0:0:0:0:0:1, SessionId=null], Granted Authorities=[]]
2026-03-16T19:28:02.161-03:00 DEBUG 2512 --- [somnitide] [http-nio-80-exec-4] o.s.security.web.FilterChainProxy        : Secured GET /api/v1/ranking/profile/chico
2026-03-16T19:28:06.626-03:00 DEBUG 2512 --- [somnitide] [http-nio-80-exec-6] o.s.security.web.FilterChainProxy        : Securing OPTIONS /api/v1/me/progress?days=7
2026-03-16T19:28:06.629-03:00 DEBUG 2512 --- [somnitide] [http-nio-80-exec-5] o.s.security.web.FilterChainProxy        : Securing GET /api/v1/me/progress?days=7
2026-03-16T19:28:06.632-03:00 DEBUG 2512 --- [somnitide] [http-nio-80-exec-5] o.s.s.o.s.r.a.JwtAuthenticationProvider  : Authenticated token
2026-03-16T19:28:06.632-03:00 DEBUG 2512 --- [somnitide] [http-nio-80-exec-5] .s.r.w.a.BearerTokenAuthenticationFilter : Set SecurityContextHolder to JwtAuthenticationToken [Principal=org.springframework.security.oauth2.jwt.Jwt@be75a69c, Credentials=[PROTECTED], Authenticated=true, Details=WebAuthenticationDetails [RemoteIpAddress=0:0:0:0:0:0:0:1, SessionId=null], Granted Authorities=[]]
2026-03-16T19:28:06.633-03:00 DEBUG 2512 --- [somnitide] [http-nio-80-exec-5] o.s.security.web.FilterChainProxy        : Secured GET /api/v1/me/progress?days=7
2026-03-16T19:28:19.800-03:00 DEBUG 2512 --- [somnitide] [http-nio-80-exec-8] o.s.security.web.FilterChainProxy        : Securing OPTIONS /api/v1/sessions?limit=1
2026-03-16T19:28:19.803-03:00 DEBUG 2512 --- [somnitide] [http-nio-80-exec-2] o.s.security.web.FilterChainProxy        : Securing GET /api/v1/sessions?limit=1
2026-03-16T19:28:19.803-03:00 DEBUG 2512 --- [somnitide] [http-nio-80-exec-7] o.s.security.web.FilterChainProxy        : Securing OPTIONS /api/v1/preferences
2026-03-16T19:28:19.806-03:00 DEBUG 2512 --- [somnitide] [http-nio-80-exec-10] o.s.security.web.FilterChainProxy        : Securing GET /api/v1/preferences
2026-03-16T19:28:19.806-03:00 DEBUG 2512 --- [somnitide] [http-nio-80-exec-2] o.s.s.o.s.r.a.JwtAuthenticationProvider  : Authenticated token
2026-03-16T19:28:19.807-03:00 DEBUG 2512 --- [somnitide] [http-nio-80-exec-2] .s.r.w.a.BearerTokenAuthenticationFilter : Set SecurityContextHolder to JwtAuthenticationToken [Principal=org.springframework.security.oauth2.jwt.Jwt@be75a69c, Credentials=[PROTECTED], Authenticated=true, Details=WebAuthenticationDetails [RemoteIpAddress=0:0:0:0:0:0:0:1, SessionId=null], Granted Authorities=[]]
2026-03-16T19:28:19.808-03:00 DEBUG 2512 --- [somnitide] [http-nio-80-exec-2] o.s.security.web.FilterChainProxy        : Secured GET /api/v1/sessions?limit=1
2026-03-16T19:28:19.810-03:00 DEBUG 2512 --- [somnitide] [http-nio-80-exec-10] o.s.s.o.s.r.a.JwtAuthenticationProvider  : Authenticated token
2026-03-16T19:28:19.811-03:00 DEBUG 2512 --- [somnitide] [http-nio-80-exec-10] .s.r.w.a.BearerTokenAuthenticationFilter : Set SecurityContextHolder to JwtAuthenticationToken [Principal=org.springframework.security.oauth2.jwt.Jwt@be75a69c, Credentials=[PROTECTED], Authenticated=true, Details=WebAuthenticationDetails [RemoteIpAddress=0:0:0:0:0:0:0:1, SessionId=null], Granted Authorities=[]]
2026-03-16T19:28:19.812-03:00 DEBUG 2512 --- [somnitide] [http-nio-80-exec-10] o.s.security.web.FilterChainProxy        : Secured GET /api/v1/preferences
2026-03-16T19:28:59.071-03:00 DEBUG 2512 --- [somnitide] [http-nio-80-exec-1] o.s.security.web.FilterChainProxy        : Securing OPTIONS /api/v1/preferences
2026-03-16T19:28:59.072-03:00 DEBUG 2512 --- [somnitide] [http-nio-80-exec-9] o.s.security.web.FilterChainProxy        : Securing OPTIONS /api/v1/sessions?limit=1
2026-03-16T19:28:59.086-03:00 DEBUG 2512 --- [somnitide] [http-nio-80-exec-3] o.s.security.web.FilterChainProxy        : Securing GET /api/v1/preferences
2026-03-16T19:28:59.089-03:00 DEBUG 2512 --- [somnitide] [http-nio-80-exec-4] o.s.security.web.FilterChainProxy        : Securing GET /api/v1/sessions?limit=1
2026-03-16T19:28:59.092-03:00 DEBUG 2512 --- [somnitide] [http-nio-80-exec-3] o.s.s.o.s.r.a.JwtAuthenticationProvider  : Authenticated token
2026-03-16T19:28:59.094-03:00 DEBUG 2512 --- [somnitide] [http-nio-80-exec-3] .s.r.w.a.BearerTokenAuthenticationFilter : Set SecurityContextHolder to JwtAuthenticationToken [Principal=org.springframework.security.oauth2.jwt.Jwt@be75a69c, Credentials=[PROTECTED], Authenticated=true, Details=WebAuthenticationDetails [RemoteIpAddress=0:0:0:0:0:0:0:1, SessionId=null], Granted Authorities=[]]
2026-03-16T19:28:59.099-03:00 DEBUG 2512 --- [somnitide] [http-nio-80-exec-4] o.s.s.o.s.r.a.JwtAuthenticationProvider  : Authenticated token
2026-03-16T19:28:59.101-03:00 DEBUG 2512 --- [somnitide] [http-nio-80-exec-3] o.s.security.web.FilterChainProxy        : Secured GET /api/v1/preferences
2026-03-16T19:28:59.103-03:00 DEBUG 2512 --- [somnitide] [http-nio-80-exec-4] .s.r.w.a.BearerTokenAuthenticationFilter : Set SecurityContextHolder to JwtAuthenticationToken [Principal=org.springframework.security.oauth2.jwt.Jwt@be75a69c, Credentials=[PROTECTED], Authenticated=true, Details=WebAuthenticationDetails [RemoteIpAddress=0:0:0:0:0:0:0:1, SessionId=null], Granted Authorities=[]]
2026-03-16T19:28:59.104-03:00 DEBUG 2512 --- [somnitide] [http-nio-80-exec-4] o.s.security.web.FilterChainProxy        : Secured GET /api/v1/sessions?limit=1
2026-03-16T19:29:00.233-03:00 DEBUG 2512 --- [somnitide] [http-nio-80-exec-6] o.s.security.web.FilterChainProxy        : Securing OPTIONS /api/v1/ranking
2026-03-16T19:29:00.237-03:00 DEBUG 2512 --- [somnitide] [http-nio-80-exec-5] o.s.security.web.FilterChainProxy        : Securing GET /api/v1/ranking
2026-03-16T19:29:00.241-03:00 DEBUG 2512 --- [somnitide] [http-nio-80-exec-5] o.s.s.o.s.r.a.JwtAuthenticationProvider  : Authenticated token
2026-03-16T19:29:00.242-03:00 DEBUG 2512 --- [somnitide] [http-nio-80-exec-5] .s.r.w.a.BearerTokenAuthenticationFilter : Set SecurityContextHolder to JwtAuthenticationToken [Principal=org.springframework.security.oauth2.jwt.Jwt@be75a69c, Credentials=[PROTECTED], Authenticated=true, Details=WebAuthenticationDetails [RemoteIpAddress=0:0:0:0:0:0:0:1, SessionId=null], Granted Authorities=[]]
2026-03-16T19:29:00.243-03:00 DEBUG 2512 --- [somnitide] [http-nio-80-exec-5] o.s.security.web.FilterChainProxy        : Secured GET /api/v1/ranking
2026-03-16T19:29:01.174-03:00 DEBUG 2512 --- [somnitide] [http-nio-80-exec-8] o.s.security.web.FilterChainProxy        : Securing OPTIONS /api/v1/ranking/profile/chico
2026-03-16T19:29:01.178-03:00 DEBUG 2512 --- [somnitide] [http-nio-80-exec-7] o.s.security.web.FilterChainProxy        : Securing GET /api/v1/ranking/profile/chico
2026-03-16T19:29:01.182-03:00 DEBUG 2512 --- [somnitide] [http-nio-80-exec-7] o.s.s.o.s.r.a.JwtAuthenticationProvider  : Authenticated token
2026-03-16T19:29:01.183-03:00 DEBUG 2512 --- [somnitide] [http-nio-80-exec-7] .s.r.w.a.BearerTokenAuthenticationFilter : Set SecurityContextHolder to JwtAuthenticationToken [Principal=org.springframework.security.oauth2.jwt.Jwt@be75a69c, Credentials=[PROTECTED], Authenticated=true, Details=WebAuthenticationDetails [RemoteIpAddress=0:0:0:0:0:0:0:1, SessionId=null], Granted Authorities=[]]
2026-03-16T19:29:01.184-03:00 DEBUG 2512 --- [somnitide] [http-nio-80-exec-7] o.s.security.web.FilterChainProxy        : Secured GET /api/v1/ranking/profile/chico
2026-03-16T19:29:29.619-03:00 DEBUG 2512 --- [somnitide] [http-nio-80-exec-10] o.s.security.web.FilterChainProxy        : Securing OPTIONS /api/v1/sessions?limit=1
2026-03-16T19:29:29.622-03:00 DEBUG 2512 --- [somnitide] [http-nio-80-exec-2] o.s.security.web.FilterChainProxy        : Securing OPTIONS /api/v1/preferences
2026-03-16T19:29:29.624-03:00 DEBUG 2512 --- [somnitide] [http-nio-80-exec-1] o.s.security.web.FilterChainProxy        : Securing GET /api/v1/sessions?limit=1
2026-03-16T19:29:29.625-03:00 DEBUG 2512 --- [somnitide] [http-nio-80-exec-9] o.s.security.web.FilterChainProxy        : Securing GET /api/v1/preferences
2026-03-16T19:29:29.628-03:00 DEBUG 2512 --- [somnitide] [http-nio-80-exec-1] o.s.s.o.s.r.a.JwtAuthenticationProvider  : Authenticated token
2026-03-16T19:29:29.629-03:00 DEBUG 2512 --- [somnitide] [http-nio-80-exec-1] .s.r.w.a.BearerTokenAuthenticationFilter : Set SecurityContextHolder to JwtAuthenticationToken [Principal=org.springframework.security.oauth2.jwt.Jwt@caac7b86, Credentials=[PROTECTED], Authenticated=true, Details=WebAuthenticationDetails [RemoteIpAddress=0:0:0:0:0:0:0:1, SessionId=null], Granted Authorities=[]]
2026-03-16T19:29:29.629-03:00 DEBUG 2512 --- [somnitide] [http-nio-80-exec-9] o.s.s.o.s.r.a.JwtAuthenticationProvider  : Authenticated token
2026-03-16T19:29:29.630-03:00 DEBUG 2512 --- [somnitide] [http-nio-80-exec-1] o.s.security.web.FilterChainProxy        : Secured GET /api/v1/sessions?limit=1
2026-03-16T19:29:29.630-03:00 DEBUG 2512 --- [somnitide] [http-nio-80-exec-9] .s.r.w.a.BearerTokenAuthenticationFilter : Set SecurityContextHolder to JwtAuthenticationToken [Principal=org.springframework.security.oauth2.jwt.Jwt@caac7b86, Credentials=[PROTECTED], Authenticated=true, Details=WebAuthenticationDetails [RemoteIpAddress=0:0:0:0:0:0:0:1, SessionId=null], Granted Authorities=[]]
2026-03-16T19:29:29.631-03:00 DEBUG 2512 --- [somnitide] [http-nio-80-exec-9] o.s.security.web.FilterChainProxy        : Secured GET /api/v1/preferences
2026-03-16T19:29:30.806-03:00 DEBUG 2512 --- [somnitide] [http-nio-80-exec-3] o.s.security.web.FilterChainProxy        : Securing OPTIONS /api/v1/ranking
2026-03-16T19:29:30.809-03:00 DEBUG 2512 --- [somnitide] [http-nio-80-exec-4] o.s.security.web.FilterChainProxy        : Securing GET /api/v1/ranking
2026-03-16T19:29:30.813-03:00 DEBUG 2512 --- [somnitide] [http-nio-80-exec-4] o.s.s.o.s.r.a.JwtAuthenticationProvider  : Authenticated token
2026-03-16T19:29:30.813-03:00 DEBUG 2512 --- [somnitide] [http-nio-80-exec-4] .s.r.w.a.BearerTokenAuthenticationFilter : Set SecurityContextHolder to JwtAuthenticationToken [Principal=org.springframework.security.oauth2.jwt.Jwt@caac7b86, Credentials=[PROTECTED], Authenticated=true, Details=WebAuthenticationDetails [RemoteIpAddress=0:0:0:0:0:0:0:1, SessionId=null], Granted Authorities=[]]
2026-03-16T19:29:30.813-03:00 DEBUG 2512 --- [somnitide] [http-nio-80-exec-4] o.s.security.web.FilterChainProxy        : Secured GET /api/v1/ranking
2026-03-16T19:29:31.883-03:00 DEBUG 2512 --- [somnitide] [http-nio-80-exec-6] o.s.security.web.FilterChainProxy        : Securing OPTIONS /api/v1/ranking/profile/chico
2026-03-16T19:29:31.885-03:00 DEBUG 2512 --- [somnitide] [http-nio-80-exec-5] o.s.security.web.FilterChainProxy        : Securing GET /api/v1/ranking/profile/chico
2026-03-16T19:29:31.888-03:00 DEBUG 2512 --- [somnitide] [http-nio-80-exec-5] o.s.s.o.s.r.a.JwtAuthenticationProvider  : Authenticated token
2026-03-16T19:29:31.889-03:00 DEBUG 2512 --- [somnitide] [http-nio-80-exec-5] .s.r.w.a.BearerTokenAuthenticationFilter : Set SecurityContextHolder to JwtAuthenticationToken [Principal=org.springframework.security.oauth2.jwt.Jwt@caac7b86, Credentials=[PROTECTED], Authenticated=true, Details=WebAuthenticationDetails [RemoteIpAddress=0:0:0:0:0:0:0:1, SessionId=null], Granted Authorities=[]]
2026-03-16T19:29:31.889-03:00 DEBUG 2512 --- [somnitide] [http-nio-80-exec-5] o.s.security.web.FilterChainProxy        : Secured GET /api/v1/ranking/profile/chico
2026-03-16T19:30:55.507-03:00 DEBUG 2512 --- [somnitide] [http-nio-80-exec-10] o.s.security.web.FilterChainProxy        : Securing OPTIONS /api/v1/ranking
2026-03-16T19:30:55.510-03:00 DEBUG 2512 --- [somnitide] [http-nio-80-exec-2] o.s.security.web.FilterChainProxy        : Securing GET /api/v1/ranking
2026-03-16T19:30:55.513-03:00 DEBUG 2512 --- [somnitide] [http-nio-80-exec-2] o.s.s.o.s.r.a.JwtAuthenticationProvider  : Authenticated token
2026-03-16T19:30:55.514-03:00 DEBUG 2512 --- [somnitide] [http-nio-80-exec-2] .s.r.w.a.BearerTokenAuthenticationFilter : Set SecurityContextHolder to JwtAuthenticationToken [Principal=org.springframework.security.oauth2.jwt.Jwt@caac7b86, Credentials=[PROTECTED], Authenticated=true, Details=WebAuthenticationDetails [RemoteIpAddress=0:0:0:0:0:0:0:1, SessionId=null], Granted Authorities=[]]
2026-03-16T19:30:55.514-03:00 DEBUG 2512 --- [somnitide] [http-nio-80-exec-2] o.s.security.web.FilterChainProxy        : Secured GET /api/v1/ranking
2026-03-16T19:30:57.652-03:00 DEBUG 2512 --- [somnitide] [http-nio-80-exec-9] o.s.security.web.FilterChainProxy        : Securing OPTIONS /api/v1/sessions?limit=1
2026-03-16T19:30:57.653-03:00 DEBUG 2512 --- [somnitide] [http-nio-80-exec-1] o.s.security.web.FilterChainProxy        : Securing OPTIONS /api/v1/preferences
2026-03-16T19:30:57.655-03:00 DEBUG 2512 --- [somnitide] [http-nio-80-exec-3] o.s.security.web.FilterChainProxy        : Securing GET /api/v1/sessions?limit=1
2026-03-16T19:30:57.655-03:00 DEBUG 2512 --- [somnitide] [http-nio-80-exec-4] o.s.security.web.FilterChainProxy        : Securing GET /api/v1/preferences
2026-03-16T19:30:57.658-03:00 DEBUG 2512 --- [somnitide] [http-nio-80-exec-3] o.s.s.o.s.r.a.JwtAuthenticationProvider  : Authenticated token
2026-03-16T19:30:57.658-03:00 DEBUG 2512 --- [somnitide] [http-nio-80-exec-4] o.s.s.o.s.r.a.JwtAuthenticationProvider  : Authenticated token
2026-03-16T19:30:57.659-03:00 DEBUG 2512 --- [somnitide] [http-nio-80-exec-3] .s.r.w.a.BearerTokenAuthenticationFilter : Set SecurityContextHolder to JwtAuthenticationToken [Principal=org.springframework.security.oauth2.jwt.Jwt@caac7b86, Credentials=[PROTECTED], Authenticated=true, Details=WebAuthenticationDetails [RemoteIpAddress=0:0:0:0:0:0:0:1, SessionId=null], Granted Authorities=[]]
2026-03-16T19:30:57.659-03:00 DEBUG 2512 --- [somnitide] [http-nio-80-exec-4] .s.r.w.a.BearerTokenAuthenticationFilter : Set SecurityContextHolder to JwtAuthenticationToken [Principal=org.springframework.security.oauth2.jwt.Jwt@caac7b86, Credentials=[PROTECTED], Authenticated=true, Details=WebAuthenticationDetails [RemoteIpAddress=0:0:0:0:0:0:0:1, SessionId=null], Granted Authorities=[]]
2026-03-16T19:30:57.659-03:00 DEBUG 2512 --- [somnitide] [http-nio-80-exec-3] o.s.security.web.FilterChainProxy        : Secured GET /api/v1/sessions?limit=1
2026-03-16T19:30:57.659-03:00 DEBUG 2512 --- [somnitide] [http-nio-80-exec-4] o.s.security.web.FilterChainProxy        : Secured GET /api/v1/preferences
2026-03-16T19:32:17.391-03:00 DEBUG 2512 --- [somnitide] [http-nio-80-exec-8] o.s.security.web.FilterChainProxy        : Securing OPTIONS /api/v1/sessions?limit=1
2026-03-16T19:32:17.392-03:00 DEBUG 2512 --- [somnitide] [http-nio-80-exec-7] o.s.security.web.FilterChainProxy        : Securing OPTIONS /api/v1/preferences
2026-03-16T19:32:17.394-03:00 DEBUG 2512 --- [somnitide] [http-nio-80-exec-2] o.s.security.web.FilterChainProxy        : Securing GET /api/v1/preferences
2026-03-16T19:32:17.394-03:00 DEBUG 2512 --- [somnitide] [http-nio-80-exec-10] o.s.security.web.FilterChainProxy        : Securing GET /api/v1/sessions?limit=1
2026-03-16T19:32:17.610-03:00 DEBUG 2512 --- [somnitide] [http-nio-80-exec-10] o.s.s.o.s.r.a.JwtAuthenticationProvider  : Authenticated token
2026-03-16T19:32:17.611-03:00 DEBUG 2512 --- [somnitide] [http-nio-80-exec-10] .s.r.w.a.BearerTokenAuthenticationFilter : Set SecurityContextHolder to JwtAuthenticationToken [Principal=org.springframework.security.oauth2.jwt.Jwt@c916d188, Credentials=[PROTECTED], Authenticated=true, Details=WebAuthenticationDetails [RemoteIpAddress=0:0:0:0:0:0:0:1, SessionId=null], Granted Authorities=[]]
2026-03-16T19:32:17.611-03:00 DEBUG 2512 --- [somnitide] [http-nio-80-exec-2] o.s.s.o.s.r.a.JwtAuthenticationProvider  : Authenticated token
2026-03-16T19:32:17.612-03:00 DEBUG 2512 --- [somnitide] [http-nio-80-exec-10] o.s.security.web.FilterChainProxy        : Secured GET /api/v1/sessions?limit=1
2026-03-16T19:32:17.612-03:00 DEBUG 2512 --- [somnitide] [http-nio-80-exec-2] .s.r.w.a.BearerTokenAuthenticationFilter : Set SecurityContextHolder to JwtAuthenticationToken [Principal=org.springframework.security.oauth2.jwt.Jwt@c916d188, Credentials=[PROTECTED], Authenticated=true, Details=WebAuthenticationDetails [RemoteIpAddress=0:0:0:0:0:0:0:1, SessionId=null], Granted Authorities=[]]
2026-03-16T19:32:17.613-03:00 DEBUG 2512 --- [somnitide] [http-nio-80-exec-2] o.s.security.web.FilterChainProxy        : Secured GET /api/v1/preferences
2026-03-16T19:32:18.765-03:00 DEBUG 2512 --- [somnitide] [http-nio-80-exec-9] o.s.security.web.FilterChainProxy        : Securing OPTIONS /api/v1/ranking
2026-03-16T19:32:18.768-03:00 DEBUG 2512 --- [somnitide] [http-nio-80-exec-1] o.s.security.web.FilterChainProxy        : Securing GET /api/v1/ranking
2026-03-16T19:32:18.771-03:00 DEBUG 2512 --- [somnitide] [http-nio-80-exec-1] o.s.s.o.s.r.a.JwtAuthenticationProvider  : Authenticated token
2026-03-16T19:32:18.772-03:00 DEBUG 2512 --- [somnitide] [http-nio-80-exec-1] .s.r.w.a.BearerTokenAuthenticationFilter : Set SecurityContextHolder to JwtAuthenticationToken [Principal=org.springframework.security.oauth2.jwt.Jwt@c916d188, Credentials=[PROTECTED], Authenticated=true, Details=WebAuthenticationDetails [RemoteIpAddress=0:0:0:0:0:0:0:1, SessionId=null], Granted Authorities=[]]
2026-03-16T19:32:18.772-03:00 DEBUG 2512 --- [somnitide] [http-nio-80-exec-1] o.s.security.web.FilterChainProxy        : Secured GET /api/v1/ranking
2026-03-16T19:32:22.416-03:00 DEBUG 2512 --- [somnitide] [http-nio-80-exec-4] o.s.security.web.FilterChainProxy        : Securing OPTIONS /api/v1/ranking/profile/chico
2026-03-16T19:32:22.418-03:00 DEBUG 2512 --- [somnitide] [http-nio-80-exec-3] o.s.security.web.FilterChainProxy        : Securing GET /api/v1/ranking/profile/chico
2026-03-16T19:32:22.420-03:00 DEBUG 2512 --- [somnitide] [http-nio-80-exec-3] o.s.s.o.s.r.a.JwtAuthenticationProvider  : Authenticated token
2026-03-16T19:32:22.420-03:00 DEBUG 2512 --- [somnitide] [http-nio-80-exec-3] .s.r.w.a.BearerTokenAuthenticationFilter : Set SecurityContextHolder to JwtAuthenticationToken [Principal=org.springframework.security.oauth2.jwt.Jwt@c916d188, Credentials=[PROTECTED], Authenticated=true, Details=WebAuthenticationDetails [RemoteIpAddress=0:0:0:0:0:0:0:1, SessionId=null], Granted Authorities=[]]
2026-03-16T19:32:22.420-03:00 DEBUG 2512 --- [somnitide] [http-nio-80-exec-3] o.s.security.web.FilterChainProxy        : Secured GET /api/v1/ranking/profile/chico
2026-03-16T19:34:04.149-03:00  INFO 2512 --- [somnitide] [SpringApplicationShutdownHook] j.LocalContainerEntityManagerFactoryBean : Closing JPA EntityManagerFactory for persistence unit 'default'
2026-03-16T19:34:04.159-03:00  INFO 2512 --- [somnitide] [SpringApplicationShutdownHook] com.zaxxer.hikari.HikariDataSource       : HikariPool-1 - Shutdown initiated...
2026-03-16T19:34:04.176-03:00  INFO 2512 --- [somnitide] [SpringApplicationShutdownHook] com.zaxxer.hikari.HikariDataSource       : HikariPool-1 - Shutdown completed.
